Species	Accession	Clade
Bufo bufo	GCA_905171765.1	metazoa
Bufo gargarizans	GCA_014858855.1	metazoa
Leptobrachium leishanense	GCA_009667805.1	metazoa
Rana temporaria	GCA_905171775.1	metazoa
Xenopus laevis	GCA_017654675.1	metazoa
Xenopus tropicalis	GCA_000004195.4	metazoa
Amphibalanus amphitrite	GCA_019059575.1	metazoa
Athripsodes cinereus	GCA_947579605.1	metazoa
Centruroides sculpturatus	GCA_000671375.2	metazoa
Cherax quadricarinatus	GCA_026875155.2	metazoa
Cheumatopsyche charites	GCA_024721215.1	metazoa
Cryptotermes secundus	GCA_002891405.2	metazoa
Ctenocephalides felis	GCA_003426905.1	metazoa
Daphnia carinata	GCA_022539665.3	metazoa
Daphnia magna	GCA_020631705.2	metazoa
Daphnia pulex	GCA_021134715.1	metazoa
Daphnia pulicaria	GCA_021234035.2	metazoa
Dermacentor andersoni	GCA_023375885.2	metazoa
Dermacentor silvarum	GCA_013339745.1	metazoa
Dermacentor silvarum	GCA_013339745.2	metazoa
Dermatophagoides pteronyssinus	GCA_001901225.2	metazoa
Eriocheir sinensis	GCA_024679095.1	metazoa
Eurytemora affinis	GCA_000591075.2	metazoa
Folsomia candida	GCA_002217175.1	metazoa
Frankliniella occidentalis	GCA_000697945.4	metazoa
Galendromus occidentalis	GCA_000255335.2	metazoa
Glyphotaelius pellucidus	GCA_936435175.1	metazoa
Haemaphysalis longicornis	GCA_013339765.1	metazoa
Homarus americanus	GCA_018991925.1	metazoa
Hyalella azteca	GCA_000764305.2	metazoa
Hyalomma asiaticum	GCA_013339685.1	metazoa
Hydropsyche tenuis	GCA_009617725.1	metazoa
Ixodes persulcatus	GCA_013358835.1	metazoa
Ixodes scapularis	GCA_016920785.2	metazoa
Lepeophtheirus salmonis	GCA_016086655.3	metazoa
Limnephilus lunatus	GCA_917563855.2	metazoa
Limnephilus marmoratus	GCA_917880885.1	metazoa
Limnephilus rhombicus	GCA_929108145.2	metazoa
Limulus polyphemus	GCA_000517525.1	metazoa
Oppia nitens	GCA_028296485.1	metazoa
Panonychus citri	GCA_014898815.1	metazoa
Parasteatoda tepidariorum	GCA_000365465.3	metazoa
Penaeus chinensis	GCA_019202785.2	metazoa
Penaeus japonicus	GCA_017312705.1	metazoa
Penaeus monodon	GCA_015228065.1	metazoa
Penaeus vannamei	GCA_003789085.1	metazoa
Pollicipes pollicipes	GCA_011947565.2	metazoa
Portunus trituberculatus	GCA_017591435.1	metazoa
Procambarus clarkii	GCA_020424385.2	metazoa
Rhipicephalus microplus	GCA_013339725.1	metazoa
Rhipicephalus sanguineus	GCA_013339695.2	metazoa
Rhipicephalus sanguineus	GCA_013339695.1	metazoa
Sarcoptes scabiei	GCA_014595675.1	metazoa
Schistocerca americana	GCA_021461395.2	metazoa
Schistocerca cancellata	GCA_023864275.2	metazoa
Schistocerca gregaria	GCA_023897955.2	metazoa
Schistocerca nitens	GCA_023898315.2	metazoa
Schistocerca piceifrons	GCA_021461385.2	metazoa
Schistocerca serialis cubense	GCA_023864345.3	metazoa
Stegodyphus dumicola	GCA_010614865.2	metazoa
Thrips palmi	GCA_012932325.1	metazoa
Uloborus diversus	GCA_026930045.1	metazoa
Varroa jacobsoni	GCA_002532875.1	metazoa
Accipiter gentilis	GCA_012487025.1	metazoa
Anas platyrhynchos	GCA_017639305.1	metazoa
Anas platyrhynchos	GCA_015476345.1	metazoa
Anas platyrhynchos	GCA_017639285.1	metazoa
Anas zonorhyncha	GCA_002224875.1	metazoa
Anser cygnoides domesticus	GCA_000971095.1	metazoa
Aptenodytes patagonicus	GCA_010087175.1	metazoa
Aquila chrysaetos chrysaetos	GCA_900496995.2	metazoa
Bubo bubo	GCA_010303855.1	metazoa
Buteo japonicus	GCA_010312235.1	metazoa
Cairina moschata domestica	GCA_009194515.1	metazoa
Calypte anna	GCA_003957555.2	metazoa
Camarhynchus parvulus	GCA_902806625.1	metazoa
Catharus ustulatus	GCA_009819885.1	metazoa
Chiroxiphia lanceolata	GCA_009829145.1	metazoa
Corvus moneduloides	GCA_009650515.1	metazoa
Corvus moneduloides	GCA_009650955.1	metazoa
Cuculus canorus	GCA_017976375.1	metazoa
Cygnus atratus	GCA_013377495.1	metazoa
Cygnus olor	GCA_009769625.2	metazoa
Dromaius novaehollandiae	GCA_016128335.1	metazoa
Eudyptes chrysocome	GCA_010085355.1	metazoa
Eudyptes filholi	GCA_010085365.1	metazoa
Eudyptes moseleyi	GCA_010082375.1	metazoa
Eudyptes pachyrhynchus	GCA_010085335.1	metazoa
Eudyptes robustus	GCA_010085315.1	metazoa
Eudyptes sclateri	GCA_010078445.1	metazoa
Falco cherrug	GCA_000337975.1	metazoa
Falco peregrinus	GCA_012488915.1	metazoa
Falco peregrinus	GCA_023634155.1	metazoa
Falco tinnunculus	GCA_010332995.1	metazoa
Ficedula albicollis	GCA_000247815.2	metazoa
Gallus gallus	GCA_000002315.5	metazoa
Gallus gallus	GCA_027557775.1	metazoa
Gallus gallus	GCA_016699485.1	metazoa
Gallus gallus	GCA_016700215.2	metazoa
Gallus gallus	GCA_027408225.1	metazoa
Grus americana	GCA_028858705.1	metazoa
Haemorhous mexicanus	GCA_027477595.1	metazoa
Hirundo rustica	GCA_015227805.1	metazoa
Malurus cyaneus samueli	GCA_009741485.1	metazoa
Meleagris gallopavo	GCA_905368555.1	metazoa
Meleagris gallopavo	GCA_000146605.4	metazoa
Melopsittacus undulatus	GCA_012275295.1	metazoa
Molothrus ater	GCA_012460135.1	metazoa
Otus sunia	GCA_010365825.1	metazoa
Passer domesticus	GCA_001700915.1	metazoa
Pipra filicauda	GCA_003945595.1	metazoa
Poecile atricapillus	GCA_011421415.1	metazoa
Strigops habroptila	GCA_004027225.1	metazoa
Strix occidentalis caurina	GCA_002372975.1	metazoa
Taeniopygia guttata	GCA_008822105.1	metazoa
Taeniopygia guttata	GCA_003957565.2	metazoa
Tyto alba alba	GCA_902150015.1	metazoa
Zonotrichia leucophrys	GCA_028769735.1	metazoa
Amblyraja radiata	GCA_010909765.1	metazoa
Carcharodon carcharias	GCA_017639515.1	metazoa
Petromyzon marinus	GCA_010993605.1	metazoa
Rhincodon typus	GCA_021869965.1	metazoa
Squalus suckleyi	GCA_026260435.1	metazoa
Adalia bipunctata	GCA_910592335.1	metazoa
Adalia bipunctata	GCA_910591895.1	metazoa
Aethina tumida	GCA_024364635.1	metazoa
Aethina tumida	GCA_024364675.1	metazoa
Aethina tumida	GCA_024364675.1	metazoa
Agelastica alni	GCA_950111635.1	metazoa
Agrilus planipennis	GCA_000699045.2	metazoa
Agriotes lineatus	GCA_940337035.1	metazoa
Agrypnus murinus	GCA_929113105.1	metazoa
Agrypnus murinus	GCA_929114945.1	metazoa
Anaspis maculata	GCA_949128115.1	metazoa
Anthonomus grandis grandis	GCA_022605725.3	metazoa
Anthonomus grandis grandis	GCA_022605725.3	metazoa
Anthonomus grandis grandis	GCA_022605985.2	metazoa
Apoderus coryli	GCA_911728435.2	metazoa
Brassicogethes aeneus	GCA_921294245.1	metazoa
Bruchidius siliquastri	GCA_949316355.1	metazoa
Cantharis flavilabris	GCA_949152465.1	metazoa
Cantharis flavilabris	GCA_949152385.1	metazoa
Cantharis rustica	GCA_911387815.1	metazoa
Cantharis rustica	GCA_911387805.1	metazoa
Cetonia aurata	GCA_949128085.1	metazoa
Ceutorhynchus assimilis	GCA_917834065.1	metazoa
Chrysolina oricalcia	GCA_944452925.1	metazoa
Coccinella septempunctata	GCA_907165205.1	metazoa
Coccinella septempunctata	GCA_907165185.1	metazoa
Crepidodera aurea	GCA_949320105.1	metazoa
Crepidodera aurea	GCA_949319345.1	metazoa
Dascillus cervinus	GCA_949768715.1	metazoa
Dendroctonus ponderosae	GCA_000355655.1	metazoa
Diabrotica balteata	GCA_918026665.1	metazoa
Diabrotica virgifera virgifera	GCA_917563875.2	metazoa
Diabrotica virgifera virgifera	GCA_003013835.2	metazoa
Halyzia sedecimguttata	GCA_937616445.1	metazoa
Halyzia sedecimguttata	GCA_937662695.1	metazoa
Harpalus rufipes	GCA_951394325.1	metazoa
Lagria hirta	GCA_947359425.1	metazoa
Lagria hirta	GCA_947359435.1	metazoa
Leistus spinibarbis	GCA_933228885.1	metazoa
Leistus spinibarbis	GCA_933228875.1	metazoa
Leptinotarsa decemlineata	GCA_000500325.2	metazoa
Lochmaea capreae	GCA_949126875.1	metazoa
Lochmaea capreae	GCA_949126855.1	metazoa
Malachius bipustulatus	GCA_910589415.1	metazoa
Malachius bipustulatus	GCA_910589365.1	metazoa
Malthinus flaveolus	GCA_950108345.1	metazoa
Melolontha melolontha	GCA_935421255.1	metazoa
Melolontha melolontha	GCA_935421215.1	metazoa
Nebria brevicollis	GCA_944738965.1	metazoa
Nebria brevicollis	GCA_944739395.1	metazoa
Nebria salina	GCA_944039245.1	metazoa
Nebria salina	GCA_944039265.1	metazoa
Ocypus olens	GCA_910593695.1	metazoa
Ocypus olens	GCA_910593855.1	metazoa
Onthophagus taurus	GCA_000648695.2	metazoa
Ophonus ardosiacus	GCA_943138245.1	metazoa
Ophonus ardosiacus	GCA_943142095.1	metazoa
Phaedon cochleariae	GCA_918026855.1	metazoa
Philonthus cognatus	GCA_932526585.1	metazoa
Philonthus cognatus	GCA_932526485.1	metazoa
Philonthus cognatus	GCA_932526585.2	metazoa
Phosphuga atrata	GCA_944588485.1	metazoa
Phosphuga atrata	GCA_944567605.1	metazoa
Phyllotreta striolata	GCA_918026865.1	metazoa
Platypus cylindrus	GCA_949748235.1	metazoa
Podabrus alpinus	GCA_932273715.1	metazoa
Podabrus alpinus	GCA_932274525.1	metazoa
Polydrusus cervinus	GCA_935413205.1	metazoa
Polydrusus cervinus	GCA_935413225.1	metazoa
Psylliodes chrysocephala	GCA_927349885.1	metazoa
Pterostichus madidus	GCA_911728425.1	metazoa
Pterostichus madidus	GCA_911728475.1	metazoa
Pterostichus madidus	GCA_911728475.2	metazoa
Pyrochroa serraticornis	GCA_905333035.1	metazoa
Pyrochroa serraticornis	GCA_905333025.2	metazoa
Rhagonycha fulva	GCA_905340355.1	metazoa
Rhagonycha fulva	GCA_905340395.1	metazoa
Rutpela maculata	GCA_936432065.1	metazoa
Rutpela maculata	GCA_936432065.2	metazoa
Rutpela maculata	GCA_936443135.1	metazoa
Sitophilus oryzae	GCA_002938485.2	metazoa
Tribolium madens	GCA_015345945.1	metazoa
Acrocera orbiculus	GCA_947359355.1	metazoa
Anopheles aquasalis	GCA_943734665.1	metazoa
Anopheles atroparvus	GCA_914969975.1	metazoa
Anopheles bellator	GCA_943735745.1	metazoa
Anopheles coustani	GCA_943734705.1	metazoa
Anopheles cruzii	GCA_943734635.1	metazoa
Anopheles darlingi	GCA_943734745.1	metazoa
Anopheles gambiae	GCA_943734735.1	metazoa
Anopheles maculipalpis	GCA_943734695.1	metazoa
Anopheles marshallii	GCA_943734725.1	metazoa
Anopheles nili	GCA_943737925.1	metazoa
Anopheles ziemanni	GCA_943734765.1	metazoa
Baccha elongata	GCA_951217075.1	metazoa
Baccha elongata	GCA_951217065.1	metazoa
Bactrocera dorsalis	GCA_023373825.1	metazoa
Bactrocera dorsalis	GCA_000789215.2	metazoa
Bactrocera latifrons	GCA_001853355.1	metazoa
Bactrocera neohumeralis	GCA_024586455.2	metazoa
Bactrocera tryoni	GCA_016617805.2	metazoa
Bellardia bayeri	GCA_950370525.1	metazoa
Bellardia pandia	GCA_916048285.2	metazoa
Bellardia pandia	GCA_916050155.1	metazoa
Beris chalybata	GCA_949128065.1	metazoa
Beris chalybata	GCA_949128145.1	metazoa
Bibio marci	GCA_910594885.1	metazoa
Bibio marci	GCA_910594895.1	metazoa
Bombylius discolor	GCA_939192795.1	metazoa
Bombylius discolor	GCA_939192785.1	metazoa
Bombylius major	GCA_932526495.1	metazoa
Bombylius major	GCA_932526615.1	metazoa
Brachyopa scutellaris	GCA_949775065.1	metazoa
Calliphora vomitoria	GCA_942486075.2	metazoa
Calliphora vomitoria	GCA_942486075.1	metazoa
Calliphora vomitoria	GCA_942486065.1	metazoa
Ceratitis capitata	GCA_000347755.4	metazoa
Chalcosyrphus nemorum	GCA_949715665.1	metazoa
Chalcosyrphus nemorum	GCA_949716465.1	metazoa
Cheilosia soror	GCA_948107745.1	metazoa
Cheilosia soror	GCA_949372485.1	metazoa
Cheilosia soror	GCA_949372475.2	metazoa
Cheilosia soror	GCA_948107765.1	metazoa
Cheilosia variabilis	GCA_951230875.1	metazoa
Cheilosia variabilis	GCA_951230905.1	metazoa
Cheilosia vernalis	GCA_949126925.1	metazoa
Cheilosia vernalis	GCA_949126935.1	metazoa
Cheilosia vulpina	GCA_916610125.1	metazoa
Cheilosia vulpina	GCA_916610195.1	metazoa
Chironomus riparius	GCA_917627325.1	metazoa
Chrysotoxum bicinctum	GCA_911387745.1	metazoa
Chrysotoxum bicinctum	GCA_911387755.1	metazoa
Chymomyza fuscimana	GCA_949987675.1	metazoa
Cistogaster globosa	GCA_937654795.1	metazoa
Cistogaster globosa	GCA_937654215.1	metazoa
Clusia tigrina	GCA_920105625.2	metazoa
Conops quadrifasciatus	GCA_949752815.1	metazoa
Coremacera marginata	GCA_914767655.1	metazoa
Coremacera marginata	GCA_914767935.1	metazoa
Crataerina pallida	GCA_949710015.1	metazoa
Criorhina berberina	GCA_917880715.1	metazoa
Criorhina berberina	GCA_917880925.1	metazoa
Criorhina berberina	GCA_917880715.2	metazoa
Culex quinquefasciatus	GCA_015732765.1	metazoa
Dasysyrphus albostriatus	GCA_946251815.1	metazoa
Dasysyrphus albostriatus	GCA_946251825.1	metazoa
Drosophila albomicans	GCA_009650485.2	metazoa
Drosophila ananassae	GCA_017639315.2	metazoa
Drosophila arizonae	GCA_001654025.1	metazoa
Drosophila biarmipes	GCA_025231255.1	metazoa
Drosophila bipectinata	GCA_000236285.2	metazoa
Drosophila busckii	GCA_011750605.1	metazoa
Drosophila elegans	GCA_000224195.2	metazoa
Drosophila erecta	GCA_003286155.2	metazoa
Drosophila eugracilis	GCA_018153835.1	metazoa
Drosophila ficusphila	GCA_018152265.1	metazoa
Drosophila grimshawi	GCA_018153295.1	metazoa
Drosophila guanche	GCA_900245975.1	metazoa
Drosophila gunungcola	GCA_025200985.1	metazoa
Drosophila hydei	GCA_003285905.2	metazoa
Drosophila innubila	GCA_004354385.1	metazoa
Drosophila kikkawai	GCA_018152535.1	metazoa
Drosophila mauritiana	GCA_004382145.1	metazoa
Drosophila melanogaster	GCA_000001215.4	metazoa
Drosophila miranda	GCA_003369915.2	metazoa
Drosophila mojavensis	GCA_018153725.1	metazoa
Drosophila navojoa	GCA_001654015.2	metazoa
Drosophila obscura	GCA_018151105.1	metazoa
Drosophila persimilis	GCA_003286085.2	metazoa
Drosophila phalerata	GCA_951394115.1	metazoa
Drosophila pseudoobscura	GCA_009870125.2	metazoa
Drosophila rhopaloa	GCA_000236305.2	metazoa
Drosophila santomea	GCA_016746245.2	metazoa
Drosophila sechellia	GCA_004382195.2	metazoa
Drosophila simulans	GCA_016746395.2	metazoa
Drosophila subobscura	GCA_008121235.1	metazoa
Drosophila subpulchrella	GCA_014743375.2	metazoa
Drosophila suzukii	GCA_013340165.1	metazoa
Drosophila takahashii	GCA_018152695.1	metazoa
Drosophila teissieri	GCA_016746235.2	metazoa
Drosophila virilis	GCA_003285735.2	metazoa
Drosophila willistoni	GCA_018902025.2	metazoa
Drosophila yakuba	GCA_016746365.2	metazoa
Empis stercorea	GCA_949752835.1	metazoa
Epicampocera succincta	GCA_932526305.1	metazoa
Epicampocera succincta	GCA_932527255.1	metazoa
Epistrophe grossulariae	GCA_929447575.1	metazoa
Epistrophe grossulariae	GCA_929447395.1	metazoa
Episyrphus balteatus	GCA_945859675.1	metazoa
Episyrphus balteatus	GCA_945859705.1	metazoa
Eristalinus sepulchralis	GCA_944738645.1	metazoa
Eristalinus sepulchralis	GCA_944738805.1	metazoa
Eristalis arbustorum	GCA_916610155.1	metazoa
Eristalis arbustorum	GCA_916610145.1	metazoa
Eristalis pertinax	GCA_907269085.1	metazoa
Eristalis pertinax	GCA_907269125.1	metazoa
Eristalis tenax	GCA_905231855.1	metazoa
Eristalis tenax	GCA_905231855.2	metazoa
Eristalis tenax	GCA_905231845.1	metazoa
Eupeodes corollae	GCA_945859685.1	metazoa
Eupeodes corollae	GCA_945859775.1	metazoa
Eupeodes latifasciatus	GCA_920104105.1	metazoa
Eupeodes latifasciatus	GCA_920104205.1	metazoa
Eupeodes luniger	GCA_951508365.1	metazoa
Eupeodes luniger	GCA_951509635.1	metazoa
Eustalomyia histrio	GCA_949748255.1	metazoa
Eustalomyia histrio	GCA_949748445.1	metazoa
Gymnosoma rotundatum	GCA_916610165.1	metazoa
Gymnosoma rotundatum	GCA_916610175.1	metazoa
Gymnosoma rotundatum	GCA_916610175.2	metazoa
Gymnosoma rotundatum	GCA_916610165.2	metazoa
Hermetia illucens	GCA_905115235.1	metazoa
Heteromyza rotundicornis	GCA_951394035.1	metazoa
Heteromyza rotundicornis	GCA_951394025.1	metazoa
Hirtodrosophila cameraria	GCA_949708635.1	metazoa
Hirtodrosophila cameraria	GCA_949708645.1	metazoa
Leucophora obtusa	GCA_949987735.1	metazoa
Leucozona laternaria	GCA_932273905.1	metazoa
Leucozona laternaria	GCA_932273885.1	metazoa
Lucilia cuprina	GCA_022045245.1	metazoa
Machimus atricapillus	GCA_933228815.1	metazoa
Machimus atricapillus	GCA_933228755.1	metazoa
Machimus rusticus	GCA_951509405.1	metazoa
Melangyna quadrimaculata	GCA_949320155.1	metazoa
Melanostoma mellinum	GCA_914767615.1	metazoa
Melanostoma mellinum	GCA_914767635.1	metazoa
Melanostoma mellinum	GCA_914767615.2	metazoa
Melanostoma scalare	GCA_949752695.1	metazoa
Merzomyia westermanni	GCA_950005075.1	metazoa
Merzomyia westermanni	GCA_949987695.1	metazoa
Microchrysa polita	GCA_949715475.1	metazoa
Myathropa florea	GCA_930367185.1	metazoa
Myathropa florea	GCA_930367245.1	metazoa
Myopa tessellatipennis	GCA_943737955.1	metazoa
Myopa testacea	GCA_949629155.1	metazoa
Neoascia interrupta	GCA_947623515.1	metazoa
Nephrotoma appendiculata	GCA_947310385.1	metazoa
Nephrotoma flavescens	GCA_932525705.1	metazoa
Nephrotoma flavescens	GCA_932526605.1	metazoa
Nowickia ferox	GCA_936439885.1	metazoa
Nowickia ferox	GCA_936446695.1	metazoa
Phasia obesa	GCA_949628195.1	metazoa
Pherbina coryleti	GCA_943735915.1	metazoa
Pherbina coryleti	GCA_943735905.1	metazoa
Phlebotomus perniciosus	GCA_918844115.1	metazoa
Phlebotomus perniciosus	GCA_918844115.2	metazoa
Phyto melanocephala	GCA_941918925.1	metazoa
Phyto melanocephala	GCA_941918875.1	metazoa
Platycheirus albimanus	GCA_916050315.1	metazoa
Platycheirus albimanus	GCA_916050605.1	metazoa
Platycheirus albimanus	GCA_916050605.2	metazoa
Pollenia amentaria	GCA_943735935.1	metazoa
Pollenia amentaria	GCA_943735925.1	metazoa
Pollenia angustigena	GCA_930367215.1	metazoa
Pollenia angustigena	GCA_930374645.1	metazoa
Pollenia labialis	GCA_949318255.1	metazoa
Portevinia maculata	GCA_949715645.1	metazoa
Protocalliphora azurea	GCA_932274085.1	metazoa
Protocalliphora azurea	GCA_932273785.1	metazoa
Protophormia terraenovae	GCA_951394005.1	metazoa
Protophormia terraenovae	GCA_951394085.1	metazoa
Rhagoletis pomonella	GCA_013731165.1	metazoa
Rhingia campestris	GCA_932526435.1	metazoa
Rhingia campestris	GCA_932526625.1	metazoa
Rhingia rostrata	GCA_949824845.1	metazoa
Sabethes cyaneus	GCA_943734655.1	metazoa
Sarcophaga caerulescens	GCA_927399465.1	metazoa
Sarcophaga caerulescens	GCA_927399425.1	metazoa
Sarcophaga rosellei	GCA_930367195.1	metazoa
Sarcophaga rosellei	GCA_930367235.1	metazoa
Sarcophaga subvicina	GCA_936440885.1	metazoa
Sarcophaga subvicina	GCA_936449025.1	metazoa
Sarcophaga subvicina	GCA_936440885.2	metazoa
Sarcophaga variegata	GCA_932276125.1	metazoa
Scaeva pyrastri	GCA_905146935.1	metazoa
Scaeva pyrastri	GCA_905147095.1	metazoa
Sphaerophoria rueppellii	GCA_920937365.1	metazoa
Sphaerophoria taeniata	GCA_943590905.1	metazoa
Sphaerophoria taeniata	GCA_943591125.1	metazoa
Sphenella marginata	GCA_951509705.1	metazoa
Sphenella marginata	GCA_951509765.1	metazoa
Stomorhina lunata	GCA_933228635.1	metazoa
Stomorhina lunata	GCA_933228675.1	metazoa
Suillia variegata	GCA_949128005.1	metazoa
Suillia variegata	GCA_949127995.1	metazoa
Syritta pipiens	GCA_905147025.1	metazoa
Syritta pipiens	GCA_905187475.1	metazoa
Tachina fera	GCA_905220375.1	metazoa
Tachina fera	GCA_905220395.1	metazoa
Tachina grossa	GCA_949987645.1	metazoa
Tachina grossa	GCA_949987635.1	metazoa
Tachina lurida	GCA_944452675.1	metazoa
Tachina lurida	GCA_944452685.1	metazoa
Thecocarcelia acutangulata	GCA_914767745.1	metazoa
Thecocarcelia acutangulata	GCA_914767995.1	metazoa
Thecophora atra	GCA_937620795.1	metazoa
Thecophora atra	GCA_937641085.1	metazoa
Tricholauxania praeusta	GCA_949775025.1	metazoa
Villa cingulata	GCA_951394055.1	metazoa
Volucella bombylans	GCA_949129105.1	metazoa
Volucella bombylans	GCA_949129095.1	metazoa
Volucella inanis	GCA_907269105.1	metazoa
Volucella inanis	GCA_907269115.1	metazoa
Volucella inflata	GCA_928272175.1	metazoa
Volucella inflata	GCA_928272305.1	metazoa
Xanthogramma pedissequum	GCA_910595825.1	metazoa
Xanthogramma pedissequum	GCA_910595765.1	metazoa
Xylota sylvarum	GCA_905220385.1	metazoa
Xylota sylvarum	GCA_905220405.1	metazoa
Acanthopagrus latus	GCA_904848185.1	metazoa
Acipenser ruthenus	GCA_902713435.2	metazoa
Acipenser ruthenus	GCA_902713435.1	metazoa
Alosa sapidissima	GCA_018492685.1	metazoa
Ameiurus melas	GCA_012411365.1	metazoa
Amphiprion ocellaris	GCA_022539595.1	metazoa
Amphiprion percula	GCA_003047355.2	metazoa
Anabas testudineus	GCA_900324465.2	metazoa
Anabas testudineus	GCA_900324465.3	metazoa
Anabas testudineus	GCA_900324465.1	metazoa
Anableps anableps	GCA_014839685.1	metazoa
Anguilla anguilla	GCA_013347855.1	metazoa
Archocentrus centrarchus	GCA_007364275.2	metazoa
Astatotilapia calliptera	GCA_900246225.5	metazoa
Astatotilapia calliptera	GCA_900246225.3	metazoa
Astyanax mexicanus	GCA_019721115.1	metazoa
Astyanax mexicanus	GCA_023375835.1	metazoa
Astyanax mexicanus	GCA_023375975.1	metazoa
Astyanax mexicanus	GCA_023375845.1	metazoa
Beaufortia kweichowensis	GCA_019155185.1	metazoa
Betta splendens	GCA_900634795.2	metazoa
Betta splendens	GCA_900634795.3	metazoa
Carassius auratus red var.	GCA_009069565.1	metazoa
Channa argus	GCA_018997905.1	metazoa
Cheilinus undulatus	GCA_018320785.1	metazoa
Chelmon rostratus	GCA_017976325.1	metazoa
Clarias gariepinus	GCA_024256425.1	metazoa
Clupea harengus	GCA_900700415.2	metazoa
Coilia nasus	GCA_027475355.1	metazoa
Collichthys lucidus	GCA_004119915.2	metazoa
Coregonus clupeaformis	GCA_018398675.1	metazoa
Cottoperca gobio	GCA_900634415.1	metazoa
Culter alburnus	GCA_009869775.1	metazoa
Cyclopterus lumpus	GCA_009769545.1	metazoa
Cyprinus carpio carpio	GCA_905221575.1	metazoa
Danio aesculapii	GCA_903798145.1	metazoa
Denticeps clupeoides	GCA_900700375.2	metazoa
Denticeps clupeoides	GCA_900700375.1	metazoa
Dicentrarchus labrax	GCA_905237075.1	metazoa
Echeneis naucrates	GCA_900963305.1	metazoa
Electrophorus electricus	GCA_013358815.1	metazoa
Erpetoichthys calabaricus	GCA_900747795.2	metazoa
Esox lucius	GCA_011004845.1	metazoa
Gadus morhua	GCA_010882105.1	metazoa
Gadus morhua	GCA_902167405.1	metazoa
Gasterosteus aculeatus	GCA_006232265.1	metazoa
Gasterosteus aculeatus	GCA_006229185.1	metazoa
Gasterosteus aculeatus	GCA_006232285.1	metazoa
Gasterosteus aculeatus aculeatus	GCA_016920845.1	metazoa
Girardinichthys multiradiatus	GCA_021462225.2	metazoa
Gobiocypris rarus	GCA_023029165.1	metazoa
Gouania willdenowi	GCA_900634775.1	metazoa
Gymnodraco acuticeps	GCA_902827175.1	metazoa
Harpagifer antarcticus	GCA_902827135.1	metazoa
Hemibagrus wyckioides	GCA_019097595.1	metazoa
Hippoglossus hippoglossus	GCA_009819705.1	metazoa
Ictalurus punctatus	GCA_004006655.3	metazoa
Labeo catla	GCA_012976165.1	metazoa
Lampris incognitus	GCA_022059245.1	metazoa
Larimichthys crocea	GCA_003711585.2	metazoa
Mastacembelus armatus	GCA_900324485.2	metazoa
Mastacembelus armatus	GCA_900324485.1	metazoa
Megalops cyprinoides	GCA_013368585.1	metazoa
Melanotaenia boesemani	GCA_017639745.1	metazoa
Micropterus salmoides	GCA_022435785.1	metazoa
Mugil cephalus	GCA_022458985.1	metazoa
Myripristis murdjan	GCA_902150065.1	metazoa
Nibea albiflora	GCA_014281875.1	metazoa
Nibea coibor	GCA_023373845.1	metazoa
Nothobranchius furzeri	GCA_001465895.2	metazoa
Nothobranchius kuhntae	GCA_006942095.1	metazoa
Notolabrus celidotus	GCA_009762535.1	metazoa
Oncorhynchus gorbuscha	GCA_017355495.1	metazoa
Oncorhynchus keta	GCA_023373465.1	metazoa
Oncorhynchus kisutch	GCA_002021735.2	metazoa
Oncorhynchus mykiss	GCA_013265735.3	metazoa
Oncorhynchus nerka	GCA_006149115.1	metazoa
Oncorhynchus tshawytscha	GCA_018296145.1	metazoa
Oreochromis aureus	GCA_013358895.1	metazoa
Oryzias latipes	GCA_002234715.1	metazoa
Oryzias latipes	GCA_947078785.1	metazoa
Oryzias latipes	GCA_947078765.1	metazoa
Oryzias latipes	GCA_947078805.1	metazoa
Oryzias latipes	GCA_947078795.1	metazoa
Oryzias latipes	GCA_947078775.1	metazoa
Oryzias latipes	GCA_947078815.1	metazoa
Oryzias latipes	GCA_002234675.1	metazoa
Oryzias latipes	GCA_947076645.1	metazoa
Oryzias latipes	GCA_947078855.1	metazoa
Oryzias latipes	GCA_947078845.1	metazoa
Oryzias latipes	GCA_002234695.1	metazoa
Oryzias latipes	GCA_947078865.1	metazoa
Oryzias latipes	GCA_947078835.1	metazoa
Oryzias latipes	GCA_947078825.1	metazoa
Pangasianodon hypophthalmus	GCA_027358585.1	metazoa
Paracanthobrama guichenoti	GCA_018749465.1	metazoa
Paralichthys olivaceus	GCA_024713975.2	metazoa
Parambassis ranga	GCA_900634625.1	metazoa
Parambassis ranga	GCA_900634625.2	metazoa
Periophthalmus magnuspinnatus	GCA_009829125.3	metazoa
Periophthalmus magnuspinnatus	GCA_009829125.1	metazoa
Pholidichthys leucotaenia	GCA_020510985.1	metazoa
Pholis gunnellus	GCA_910591455.2	metazoa
Phyllopteryx taeniolatus	GCA_024500385.1	metazoa
Plectropomus leopardus	GCA_011397275.1	metazoa
Pleuronectes platessa	GCA_947347685.1	metazoa
Poecilia formosa	GCA_013036085.2	metazoa
Pseudochaenichthys georgianus	GCA_902827115.1	metazoa
Pseudoliparis sp. Yap Trench	GCA_004335475.1	metazoa
Pygocentrus nattereri	GCA_015220715.1	metazoa
Reinhardtius hippoglossoides	GCA_006182925.3	metazoa
Salarias fasciatus	GCA_902148845.1	metazoa
Salmo salar	GCA_931346935.2	metazoa
Salmo salar	GCA_905237065.2	metazoa
Salmo salar	GCA_021399835.1	metazoa
Salmo salar	GCA_923944775.1	metazoa
Salmo trutta	GCA_901001165.1	metazoa
Salvelinus namaycush	GCA_016432855.1	metazoa
Sander lucioperca	GCA_008315115.1	metazoa
Scleropages formosus	GCA_900964775.1	metazoa
Scophthalmus maximus	GCA_013347765.1	metazoa
Scophthalmus maximus	GCA_022379125.1	metazoa
Sebastes umbrosus	GCA_015220745.1	metazoa
Silurus aristotelis	GCA_946808225.1	metazoa
Solea senegalensis	GCA_919967415.2	metazoa
Solea solea	GCA_958295425.1	metazoa
Sparus aurata	GCA_900880675.1	metazoa
Sphaeramia orbicularis	GCA_902148855.1	metazoa
Syngnathus acus	GCA_901709675.2	metazoa
Syngnathus scovelli	GCA_024217435.4	metazoa
Takifugu bimaculatus	GCA_004026145.2	metazoa
Takifugu rubripes	GCA_901000725.2	metazoa
Telmatherina bonti	GCA_933228915.1	metazoa
Thalassophryne amazonica	GCA_902500255.1	metazoa
Thamnaconus septentrionalis	GCA_009823395.1	metazoa
Thunnus albacares	GCA_914725855.1	metazoa
Thunnus orientalis	GCA_009176245.1	metazoa
Thymallus thymallus	GCA_004348285.1	metazoa
Toxotes jaculatrix	GCA_017976425.1	metazoa
Trachinotus ovatus	GCA_900607315.1	metazoa
Trachurus trachurus	GCA_905171665.1	metazoa
Trematomus bernacchii	GCA_902827165.1	metazoa
Triplophysa dalaica	GCA_015846415.1	metazoa
Triplophysa siluroides	GCA_006030095.1	metazoa
Triplophysa tibetana	GCA_008369825.1	metazoa
Tropheus moorii	GCA_902810505.1	metazoa
Verasper variegatus	GCA_013332515.1	metazoa
Verasper variegatus	GCA_012393435.1	metazoa
Acanthosoma haemorrhoidale	GCA_930367205.1	metazoa
Acyrthosiphon pisum	GCA_005508785.2	metazoa
Adelges cooleyi	GCA_023614345.1	metazoa
Aelia acuminata	GCA_911387785.2	metazoa
Aphis gossypii	GCA_917880025.1	metazoa
Bemisia tabaci	GCA_918797505.1	metazoa
Cimex lectularius	GCA_000648675.3	metazoa
Daktulosphaira vitifoliae	GCA_025091365.1	metazoa
Diaphorina citri	GCA_000475195.1	metazoa
Diuraphis noxia	GCA_001186385.1	metazoa
Drepanosiphum platanoidis	GCA_948098885.1	metazoa
Drepanosiphum platanoidis	GCA_948098895.1	metazoa
Euschistus heros	GCA_003667255.1	metazoa
Gerris lacustris	GCA_951217055.1	metazoa
Gonocerus acuteangulatus	GCA_946811695.1	metazoa
Halyomorpha halys	GCA_000696795.2	metazoa
Homalodisca vitripennis	GCA_021130785.2	metazoa
Macrosteles quadrilineatus	GCA_028750875.1	metazoa
Melanaphis sacchari	GCA_002803265.2	metazoa
Myzus persicae	GCA_001856785.1	metazoa
Nezara viridula	GCA_928085145.1	metazoa
Nilaparvata lugens	GCA_014356525.1	metazoa
Orius laevigatus	GCA_018703685.1	metazoa
Periphyllus acericola	GCA_949715065.1	metazoa
Planococcus citri	GCA_950023065.1	metazoa
Rhaphigaster nebulosa	GCA_948150685.1	metazoa
Rhopalosiphum maidis	GCA_003676215.3	metazoa
Sipha flava	GCA_003268045.1	metazoa
Acromyrmex echinatior	GCA_000204515.1	metazoa
Amblyteles armatorius	GCA_933228735.2	metazoa
Amblyteles armatorius	GCA_933228735.1	metazoa
Ancistrocerus nigricornis	GCA_916049575.1	metazoa
Ancistrocerus nigricornis	GCA_916050135.1	metazoa
Andrena bucephala	GCA_947577245.1	metazoa
Andrena dorsata	GCA_929108735.1	metazoa
Andrena dorsata	GCA_929114765.1	metazoa
Andrena fulva	GCA_946251845.1	metazoa
Andrena haemorrhoa	GCA_910592125.1	metazoa
Andrena haemorrhoa	GCA_910592295.1	metazoa
Andrena hattorfiana	GCA_944738655.2	metazoa
Andrena hattorfiana	GCA_944738655.1	metazoa
Andrena minutula	GCA_929113495.1	metazoa
Andrena minutula	GCA_929113085.1	metazoa
Andrena trimmerana	GCA_951215215.1	metazoa
Andrena trimmerana	GCA_951212825.1	metazoa
Anoplius nigerrimus	GCA_914767735.1	metazoa
Anoplius nigerrimus	GCA_914767785.1	metazoa
Anoplius nigerrimus	GCA_914767785.2	metazoa
Aphidius gifuensis	GCA_014905175.1	metazoa
Apis dorsata	GCA_000469605.1	metazoa
Apis florea	GCA_000184785.2	metazoa
Athalia rosae	GCA_917208135.1	metazoa
Athalia rosae	GCA_917207985.2	metazoa
Athalia rosae	GCA_000344095.2	metazoa
Bombus bifarius	GCA_011952205.1	metazoa
Bombus breviceps	GCA_014825925.1	metazoa
Bombus campestris	GCA_905333015.1	metazoa
Bombus campestris	GCA_905333015.3	metazoa
Bombus campestris	GCA_905333015.2	metazoa
Bombus confusus	GCA_014737475.1	metazoa
Bombus consobrinus	GCA_014737455.1	metazoa
Bombus cullumanus	GCA_014737535.1	metazoa
Bombus difficillimus	GCA_014737525.1	metazoa
Bombus haemorrhoidalis	GCA_014825975.1	metazoa
Bombus hortorum	GCA_905332935.1	metazoa
Bombus huntii	GCA_024542735.1	metazoa
Bombus hypnorum	GCA_911387925.2	metazoa
Bombus hypnorum	GCA_911387925.1	metazoa
Bombus ignitus	GCA_014825875.1	metazoa
Bombus impatiens	GCA_000188095.4	metazoa
Bombus opulentus	GCA_014737405.1	metazoa
Bombus pascuorum	GCA_905332995.1	metazoa
Bombus pascuorum	GCA_905332965.1	metazoa
Bombus picipes	GCA_014737485.1	metazoa
Bombus polaris	GCA_014737335.1	metazoa
Bombus pratorum	GCA_930367225.1	metazoa
Bombus pratorum	GCA_930367275.1	metazoa
Bombus pyrosoma	GCA_014825855.1	metazoa
Bombus sibiricus	GCA_014737505.1	metazoa
Bombus skorikovi	GCA_014737355.1	metazoa
Bombus soroeensis	GCA_014737365.1	metazoa
Bombus superbus	GCA_014737385.1	metazoa
Bombus sylvestris	GCA_911622165.2	metazoa
Bombus sylvestris	GCA_911622165.1	metazoa
Bombus terrestris	GCA_910592195.2	metazoa
Bombus terrestris	GCA_910591885.2	metazoa
Bombus terrestris	GCA_000214255.1	metazoa
Bombus terrestris	GCA_910591885.1	metazoa
Bombus turneri	GCA_014825825.1	metazoa
Bombus vancouverensis nearcticus	GCA_011952275.1	metazoa
Bombus vosnesenskii	GCA_011952255.1	metazoa
Bombus waltoni	GCA_014737395.1	metazoa
Buathra laborator	GCA_934046145.1	metazoa
Buathra laborator	GCA_934046635.1	metazoa
Camponotus floridanus	GCA_003227725.1	metazoa
Cataglyphis hispanica	GCA_021464435.1	metazoa
Cerceris rybyensis	GCA_910591515.1	metazoa
Cerceris rybyensis	GCA_910591445.2	metazoa
Chelonus insularis	GCA_013357705.1	metazoa
Clistopyga incitator	GCA_947507545.1	metazoa
Clistopyga incitator	GCA_947507575.1	metazoa
Colletes gigas	GCA_013123115.1	metazoa
Copidosoma floridanum	GCA_000648655.2	metazoa
Cotesia glomerata	GCA_020080835.1	metazoa
Dolichovespula media	GCA_911387685.1	metazoa
Dolichovespula media	GCA_911387715.2	metazoa
Dolichovespula saxonica	GCA_911387935.1	metazoa
Dolichovespula sylvestris	GCA_918808275.1	metazoa
Dufourea novaeangliae	GCA_001272555.1	metazoa
Ectemnius continuus	GCA_910591485.1	metazoa
Ectemnius continuus	GCA_910591665.1	metazoa
Ectemnius lituratus	GCA_910593735.2	metazoa
Ectemnius lituratus	GCA_910593735.1	metazoa
Eufriesea mexicana	GCA_001483705.1	metazoa
Gasteruption jaculator	GCA_949825005.1	metazoa
Habropoda laboriosa	GCA_001263275.1	metazoa
Harpegnathos saltator	GCA_003227715.2	metazoa
Ichneumon xanthorius	GCA_917498535.1	metazoa
Ichneumon xanthorius	GCA_917499995.1	metazoa
Lasioglossum lativentre	GCA_916610255.1	metazoa
Lasioglossum morio	GCA_916610115.1	metazoa
Lasioglossum morio	GCA_916610235.2	metazoa
Lasioglossum pauxillum	GCA_933228795.1	metazoa
Lasioglossum pauxillum	GCA_933228785.1	metazoa
Linepithema humile	GCA_000217595.1	metazoa
Macrophya alboannulata	GCA_949628255.1	metazoa
Macropis europaea	GCA_916610135.1	metazoa
Megachile ligniseca	GCA_945859565.1	metazoa
Megachile ligniseca	GCA_945859555.1	metazoa
Megachile rotundata	GCA_000220905.1	metazoa
Megachile willughbiella	GCA_945859595.2	metazoa
Microctonus aethiopoides	GCA_030272935.1	metazoa
Microctonus aethiopoides	GCA_030347275.1	metazoa
Microctonus aethiopoides	GCA_030272655.1	metazoa
Microctonus brassicae	GCA_940306215.1	metazoa
Microctonus hyperodae	GCA_030347285.1	metazoa
Mimumesa dahlbomi	GCA_917499265.1	metazoa
Monomorium pharaonis	GCA_013373865.2	metazoa
Neodiprion lecontei	GCA_021901455.1	metazoa
Neodiprion lecontei	GCA_021901455.1	metazoa
Neodiprion pinetum	GCA_021155775.1	metazoa
Neodiprion virginianus	GCA_021901495.1	metazoa
Nomada fabriciana	GCA_907165295.1	metazoa
Nomada fabriciana	GCA_907165305.1	metazoa
Nomada fucata	GCA_948146005.1	metazoa
Nysson spinosus	GCA_910591585.1	metazoa
Nysson spinosus	GCA_910591585.2	metazoa
Nysson spinosus	GCA_910591465.1	metazoa
Ooceraea biroi	GCA_003672135.1	metazoa
Ophion luteus	GCA_944452715.1	metazoa
Ophion luteus	GCA_944452655.1	metazoa
Orussus abietinus	GCA_000612105.2	metazoa
Osmia bicornis bicornis	GCA_907164925.1	metazoa
Osmia bicornis bicornis	GCA_907164935.1	metazoa
Pemphredon lugubris	GCA_933228935.1	metazoa
Pogonomyrmex barbatus	GCA_000187915.1	metazoa
Polistes canadensis	GCA_001313835.1	metazoa
Polistes dominula	GCA_001465965.1	metazoa
Polistes fuscatus	GCA_010416935.1	metazoa
Rhogogaster chlorosoma	GCA_944452905.1	metazoa
Rhogogaster chlorosoma	GCA_944452935.1	metazoa
Seladonia tumulorum	GCA_913789895.3	metazoa
Sphecodes monilicornis	GCA_913789915.3	metazoa
Sphecodes monilicornis	GCA_913789915.1	metazoa
Stelis phaeoptera	GCA_943735885.1	metazoa
Stelis phaeoptera	GCA_943735895.1	metazoa
Tenthredo distinguenda	GCA_947538915.1	metazoa
Tenthredo mesomela	GCA_943736025.1	metazoa
Tenthredo mesomela	GCA_943736035.1	metazoa
Tenthredo notha	GCA_914767705.1	metazoa
Tenthredo notha	GCA_914767705.2	metazoa
Tenthredo notha	GCA_914767975.1	metazoa
Tiphia femorata	GCA_944319705.1	metazoa
Tiphia femorata	GCA_944319695.1	metazoa
Trichogramma pretiosum	GCA_000599845.3	metazoa
Venturia canescens	GCA_019457755.1	metazoa
Vespa crabro	GCA_910589235.2	metazoa
Vespa crabro	GCA_910589515.1	metazoa
Vespa velutina	GCA_912470025.1	metazoa
Vespula germanica	GCA_905340365.1	metazoa
Vespula germanica	GCA_905340295.1	metazoa
Vespula vulgaris	GCA_905475345.1	metazoa
Vespula vulgaris	GCA_905404185.1	metazoa
Abrostola tripartita	GCA_905340255.1	metazoa
Abrostola tripartita	GCA_905340225.1	metazoa
Abrostola triplasia	GCA_946251915.1	metazoa
Abrostola triplasia	GCA_946251925.1	metazoa
Acentria ephemerella	GCA_943193655.1	metazoa
Acentria ephemerella	GCA_943193645.1	metazoa
Achlya flavicornis	GCA_947623365.1	metazoa
Acleris cristana	GCA_948252455.1	metazoa
Acleris emargana	GCA_927399475.2	metazoa
Acleris emargana	GCA_927399445.1	metazoa
Acleris emargana	GCA_927399475.1	metazoa
Acleris literana	GCA_946894075.1	metazoa
Acleris literana	GCA_946894065.1	metazoa
Acleris sparsana	GCA_923062465.1	metazoa
Acleris sparsana	GCA_923061745.1	metazoa
Acrobasis suavella	GCA_943193685.1	metazoa
Acrobasis suavella	GCA_943193695.1	metazoa
Acronicta aceris	GCA_910591495.2	metazoa
Acronicta aceris	GCA_910591435.1	metazoa
Acronicta leporina	GCA_947256265.1	metazoa
Acronicta psi	GCA_946251945.1	metazoa
Acronicta psi	GCA_946251955.1	metazoa
Agonopterix subpropinquella	GCA_922987765.1	metazoa
Agonopterix subpropinquella	GCA_922987775.1	metazoa
Agriopis aurantiaria	GCA_914767795.1	metazoa
Agriopis aurantiaria	GCA_914767915.1	metazoa
Agriopis leucophaearia	GCA_949125385.1	metazoa
Agriopis leucophaearia	GCA_949125355.1	metazoa
Agriopis marginaria	GCA_932301435.1	metazoa
Agriopis marginaria	GCA_932305915.1	metazoa
Agriphila geniculea	GCA_927399405.1	metazoa
Agriphila geniculea	GCA_943789525.1	metazoa
Agriphila geniculea	GCA_943789515.1	metazoa
Agriphila geniculea	GCA_927400025.1	metazoa
Agriphila straminella	GCA_950108535.1	metazoa
Agriphila straminella	GCA_950109475.1	metazoa
Agriphila tristella	GCA_928269205.1	metazoa
Agriphila tristella	GCA_928269145.1	metazoa
Agrochola circellaris	GCA_914767685.1	metazoa
Agrochola circellaris	GCA_914767755.1	metazoa
Agrochola litura	GCA_949152395.1	metazoa
Agrochola lota	GCA_947364205.1	metazoa
Agrochola lota	GCA_947364295.1	metazoa
Agrochola macilenta	GCA_916701705.1	metazoa
Agrochola macilenta	GCA_916701695.1	metazoa
Agrotis exclamationis	GCA_950005045.1	metazoa
Agrotis puta	GCA_943137145.2	metazoa
Agrotis puta	GCA_943136025.1	metazoa
Agrotis puta	GCA_943136025.2	metazoa
Agrotis puta	GCA_943137145.1	metazoa
Alcis repandata	GCA_949125135.1	metazoa
Allophyes oxyacanthae	GCA_932294395.1	metazoa
Allophyes oxyacanthae	GCA_932294325.1	metazoa
Alsophila aescularia	GCA_946251855.1	metazoa
Alsophila aescularia	GCA_946251895.1	metazoa
Amorpha juglandis	GCA_949126845.1	metazoa
Amorpha juglandis	GCA_949126905.1	metazoa
Amphipoea lucens	GCA_947507765.1	metazoa
Amphipoea lucens	GCA_947508005.1	metazoa
Amphipoea oculea	GCA_945859645.1	metazoa
Amphipyra berbera	GCA_910594945.1	metazoa
Amphipyra berbera	GCA_910595045.1	metazoa
Amphipyra berbera	GCA_910594945.2	metazoa
Amphipyra tragopoginis	GCA_905220425.1	metazoa
Amphipyra tragopoginis	GCA_905220435.1	metazoa
Amyelois transitella	GCA_001186105.1	metazoa
Anania crocealis	GCA_949315895.1	metazoa
Anarsia innoxiella	GCA_947563765.1	metazoa
Anorthoa munda	GCA_945859655.1	metazoa
Anorthoa munda	GCA_945859665.1	metazoa
Anthocharis cardamines	GCA_905404175.1	metazoa
Anthocharis cardamines	GCA_905404305.1	metazoa
Anticlea derivata	GCA_947579855.1	metazoa
Antitype chi	GCA_947359415.1	metazoa
Antitype chi	GCA_947359405.1	metazoa
Apamea crenata	GCA_949629175.1	metazoa
Apamea crenata	GCA_949629185.1	metazoa
Apamea epomidion	GCA_947507525.1	metazoa
Apamea epomidion	GCA_947507555.1	metazoa
Apamea monoglypha	GCA_911387795.2	metazoa
Apamea monoglypha	GCA_911387735.2	metazoa
Apamea sordens	GCA_945859755.1	metazoa
Apamea sordens	GCA_945859715.1	metazoa
Apeira syringaria	GCA_934045895.1	metazoa
Apeira syringaria	GCA_934044485.1	metazoa
Aplocera efformata	GCA_921293045.1	metazoa
Aplocera efformata	GCA_921293035.1	metazoa
Apocheima hispidaria	GCA_947579745.1	metazoa
Apocheima hispidaria	GCA_947581315.1	metazoa
Apoda limacodes	GCA_946406115.1	metazoa
Apomyelois bistriatella	GCA_947044815.1	metazoa
Aporia crataegi	GCA_912999795.2	metazoa
Aporia crataegi	GCA_912999795.1	metazoa
Aporia crataegi	GCA_912999735.1	metazoa
Aporophyla lueneburgensis	GCA_932294355.1	metazoa
Aporophyla lueneburgensis	GCA_932294405.1	metazoa
Aporophyla nigra	GCA_947507805.1	metazoa
Apotomis betuletana	GCA_932273875.1	metazoa
Apotomis betuletana	GCA_932273695.1	metazoa
Apotomis capreana	GCA_947623375.1	metazoa
Apotomis capreana	GCA_947623195.1	metazoa
Apotomis turbidana	GCA_905147355.2	metazoa
Apotomis turbidana	GCA_905147195.1	metazoa
Aproaerema taeniolella	GCA_949987775.1	metazoa
Archips crataeganus	GCA_947859365.1	metazoa
Archips xylosteana	GCA_947563465.1	metazoa
Argyresthia goedartella	GCA_949825045.1	metazoa
Argyresthia goedartella	GCA_949825015.1	metazoa
Aricia agestis	GCA_905147365.1	metazoa
Aricia agestis	GCA_944452695.1	metazoa
Aricia agestis	GCA_944452645.1	metazoa
Aricia artaxerxes	GCA_937612035.1	metazoa
Aricia artaxerxes	GCA_937610355.1	metazoa
Asteroscopus sphinx	GCA_949699085.1	metazoa
Atethmia centrago	GCA_905333075.3	metazoa
Atethmia centrago	GCA_905332945.1	metazoa
Athrips mouffetella	GCA_947532105.1	metazoa
Autographa gamma	GCA_905146925.1	metazoa
Autographa gamma	GCA_905146835.1	metazoa
Autographa pulchrina	GCA_905475315.1	metazoa
Autographa pulchrina	GCA_905475435.1	metazoa
Bembecia ichneumoniformis	GCA_910589475.1	metazoa
Bembecia ichneumoniformis	GCA_910589565.1	metazoa
Bembecia ichneumoniformis	GCA_910589475.2	metazoa
Bicyclus anynana	GCA_900239965.1	metazoa
Biston betularia	GCA_905404215.1	metazoa
Biston betularia	GCA_905404145.2	metazoa
Biston betularia	GCA_905404145.1	metazoa
Biston stratarius	GCA_950106675.1	metazoa
Biston stratarius	GCA_950106695.1	metazoa
Blastobasis adustella	GCA_907269055.1	metazoa
Blastobasis adustella	GCA_907269095.1	metazoa
Blastobasis lacticolella	GCA_905147205.1	metazoa
Blastobasis lacticolella	GCA_905147135.1	metazoa
Boloria selene	GCA_905231865.2	metazoa
Boloria selene	GCA_905231875.1	metazoa
Bombyx mandarina	GCA_003987935.1	metazoa
Brachylomia viminalis	GCA_937001585.1	metazoa
Brachylomia viminalis	GCA_937001565.1	metazoa
Brachylomia viminalis	GCA_937001585.2	metazoa
Brenthis ino	GCA_921882275.1	metazoa
Calamotropha paludella	GCA_927399455.1	metazoa
Calamotropha paludella	GCA_927399485.1	metazoa
Callimorpha dominula	GCA_949752705.1	metazoa
Campaea margaritaria	GCA_912999775.1	metazoa
Campaea margaritaria	GCA_912999815.1	metazoa
Caradrina clavipalpis	GCA_932526535.1	metazoa
Caradrina clavipalpis	GCA_932526345.1	metazoa
Caradrina kadenii	GCA_947462355.1	metazoa
Carcina quercana	GCA_910589575.1	metazoa
Carcina quercana	GCA_910589345.2	metazoa
Carcina quercana	GCA_910589575.2	metazoa
Carpatolechia fugitivella	GCA_951230885.1	metazoa
Carpatolechia fugitivella	GCA_951230895.1	metazoa
Carposina sasakii	GCA_014607495.2	metazoa
Carterocephalus palaemon	GCA_944567765.1	metazoa
Carterocephalus palaemon	GCA_944567795.1	metazoa
Catocala fraxini	GCA_930367255.1	metazoa
Catocala fraxini	GCA_930367265.1	metazoa
Celastrina argiolus	GCA_905187575.1	metazoa
Celastrina argiolus	GCA_905147145.1	metazoa
Cerastis rubricosa	GCA_949152445.1	metazoa
Cerastis rubricosa	GCA_949152405.1	metazoa
Charanyca ferruginea	GCA_947361185.1	metazoa
Chesias legatella	GCA_947359385.1	metazoa
Chilo suppressalis	GCA_902850365.1	metazoa
Chloroclysta siterata	GCA_932294285.1	metazoa
Chloroclysta siterata	GCA_932294275.1	metazoa
Choreutis nemorana	GCA_949316135.1	metazoa
Chrysodeixis includens	GCA_903961255.1	metazoa
Chrysoteuchia culmella	GCA_910589605.1	metazoa
Chrysoteuchia culmella	GCA_910589405.1	metazoa
Clostera curtula	GCA_905475325.1	metazoa
Clostera curtula	GCA_905475355.1	metazoa
Clostera curtula	GCA_905475355.2	metazoa
Cnaphalocrocis medinalis	GCA_014851415.1	metazoa
Colias croceus	GCA_905220415.1	metazoa
Colias croceus	GCA_905220445.1	metazoa
Colostygia pectinataria	GCA_951394385.1	metazoa
Conistra vaccinii	GCA_948150665.1	metazoa
Conistra vaccinii	GCA_948150745.1	metazoa
Cosmia pyralina	GCA_946251865.1	metazoa
Cosmia pyralina	GCA_946251885.1	metazoa
Cosmia trapezina	GCA_905163495.3	metazoa
Cosmia trapezina	GCA_905163595.1	metazoa
Cosmia trapezina	GCA_905163495.2	metazoa
Crambus lathoniellus	GCA_949710025.1	metazoa
Crambus lathoniellus	GCA_949710035.1	metazoa
Craniophora ligustri	GCA_905163465.1	metazoa
Craniophora ligustri	GCA_905163585.1	metazoa
Crocallis elinguaria	GCA_907269135.1	metazoa
Crocallis elinguaria	GCA_907269065.1	metazoa
Cyaniris semiargus	GCA_905147265.1	metazoa
Cyaniris semiargus	GCA_905187585.1	metazoa
Cybosia mesomella	GCA_946251805.1	metazoa
Cybosia mesomella	GCA_946251875.1	metazoa
Cyclophora punctaria	GCA_951394245.1	metazoa
Cydia amplana	GCA_948474715.1	metazoa
Cydia splendana	GCA_910591565.2	metazoa
Cydia splendana	GCA_910591565.1	metazoa
Cydia splendana	GCA_910591525.1	metazoa
Cydia strobilella	GCA_947568895.1	metazoa
Cydia strobilella	GCA_947568885.1	metazoa
Danaus plexippus	GCA_018135715.1	metazoa
Danaus plexippus plexippus	GCA_009731565.1	metazoa
Deilephila elpenor	GCA_949752805.1	metazoa
Deilephila elpenor	GCA_949752825.1	metazoa
Deilephila porcellus	GCA_905220455.2	metazoa
Deilephila porcellus	GCA_905220465.1	metazoa
Dendrolimus kikuchii	GCA_019925095.1	metazoa
Dendrolimus pini	GCA_949752895.1	metazoa
Dendrolimus punctatus	GCA_012273795.1	metazoa
Diachrysia chrysitis	GCA_932294375.1	metazoa
Diachrysia chrysitis	GCA_932294365.1	metazoa
Diaphora mendica	GCA_949125405.1	metazoa
Diaphora mendica	GCA_949125395.1	metazoa
Diarsia brunnea	GCA_949774965.1	metazoa
Diarsia brunnea	GCA_949774955.1	metazoa
Diarsia dahlii	GCA_949775195.1	metazoa
Diarsia dahlii	GCA_949775585.1	metazoa
Diarsia mendica	GCA_949316465.1	metazoa
Diarsia mendica	GCA_949316265.1	metazoa
Diarsia rubi	GCA_932274075.1	metazoa
Diarsia rubi	GCA_932274355.1	metazoa
Diatraea saccharalis	GCA_918026875.1	metazoa
Dicycla oo	GCA_948252095.1	metazoa
Drepana falcataria	GCA_945859725.1	metazoa
Drepana falcataria	GCA_945859695.1	metazoa
Dryas iulia moderata	GCA_019049465.1	metazoa
Dryobota labecula	GCA_947523025.1	metazoa
Dryobotodes eremita	GCA_917490735.1	metazoa
Dryobotodes eremita	GCA_917490515.1	metazoa
Ecliptopera silaceata	GCA_932527285.1	metazoa
Ecliptopera silaceata	GCA_932527185.1	metazoa
Ectropis grisescens	GCA_017562165.1	metazoa
Eilema caniola	GCA_949126895.1	metazoa
Eilema depressum	GCA_914767765.1	metazoa
Eilema depressum	GCA_914767945.1	metazoa
Eilema sororculum	GCA_914829255.1	metazoa
Eilema sororculum	GCA_914829495.1	metazoa
Electrophaes corylata	GCA_947095575.1	metazoa
Electrophaes corylata	GCA_947095555.1	metazoa
Elegia similella	GCA_947532085.1	metazoa
Emmelina monodactyla	GCA_916618145.1	metazoa
Emmelina monodactyla	GCA_916618085.2	metazoa
Emmelina monodactyla	GCA_916618085.1	metazoa
Endotricha flammealis	GCA_905163395.2	metazoa
Endotricha flammealis	GCA_905160925.1	metazoa
Ennomos fuscantarius	GCA_905220485.1	metazoa
Ennomos fuscantarius	GCA_905220475.1	metazoa
Ennomos fuscantarius	GCA_905220475.3	metazoa
Ennomos fuscantarius	GCA_905220475.2	metazoa
Ennomos quercinarius	GCA_910589525.2	metazoa
Ennomos quercinarius	GCA_910589225.1	metazoa
Ennomos quercinarius	GCA_910589525.1	metazoa
Ephestia elutella	GCA_018467065.1	metazoa
Epinotia bilunana	GCA_947049275.1	metazoa
Epinotia demarniana	GCA_945867215.1	metazoa
Epinotia nisella	GCA_932294385.1	metazoa
Epinotia nisella	GCA_932294315.1	metazoa
Epinotia ramella	GCA_947578815.1	metazoa
Epirrhoe tristata	GCA_951394275.1	metazoa
Epirrhoe tristata	GCA_951394285.1	metazoa
Epirrita christyi	GCA_951392215.1	metazoa
Erannis defoliaria	GCA_905404195.1	metazoa
Erannis defoliaria	GCA_905404285.1	metazoa
Erannis defoliaria	GCA_905404285.2	metazoa
Erebia aethiops	GCA_923062935.2	metazoa
Erebia aethiops	GCA_923060345.1	metazoa
Erebia aethiops	GCA_923062935.1	metazoa
Erebia aethiops	GCA_923060345.2	metazoa
Erebia ligea	GCA_917050995.2	metazoa
Erebia ligea	GCA_917051295.2	metazoa
Eremobia ochroleuca	GCA_949629135.1	metazoa
Erynnis tages	GCA_905147245.1	metazoa
Erynnis tages	GCA_905147235.1	metazoa
Esperia sulphurella	GCA_947086405.1	metazoa
Euclidia mi	GCA_944739405.2	metazoa
Euclidia mi	GCA_944738845.2	metazoa
Euclidia mi	GCA_944739405.1	metazoa
Euclidia mi	GCA_944738845.1	metazoa
Eudemis profundana	GCA_947034915.1	metazoa
Eudemis profundana	GCA_947034925.1	metazoa
Eudonia lacustrata	GCA_947562065.1	metazoa
Eudonia lacustrata	GCA_947562085.1	metazoa
Eueides isabella	GCA_019049475.1	metazoa
Eugnorisma glareosa	GCA_947579045.1	metazoa
Eugnorisma glareosa	GCA_947578425.1	metazoa
Eulithis prunata	GCA_918843925.1	metazoa
Eulithis prunata	GCA_918843955.1	metazoa
Eulithis testata	GCA_947507515.1	metazoa
Eupithecia abbreviata	GCA_943735975.1	metazoa
Eupithecia abbreviata	GCA_943735965.1	metazoa
Eupithecia centaureata	GCA_944547425.1	metazoa
Eupithecia centaureata	GCA_944548335.1	metazoa
Eupithecia dodoneata	GCA_947044415.1	metazoa
Eupithecia exiguata	GCA_947086465.1	metazoa
Eupithecia exiguata	GCA_947086475.1	metazoa
Eupithecia insigniata	GCA_947859395.1	metazoa
Eupithecia subumbrata	GCA_949316285.1	metazoa
Eupithecia vulgata	GCA_946478455.1	metazoa
Euplexia lucipara	GCA_921972225.1	metazoa
Euplexia lucipara	GCA_921956305.1	metazoa
Euproctis similis	GCA_905147225.1	metazoa
Euproctis similis	GCA_905147225.2	metazoa
Eupsilia transversa	GCA_914767805.1	metazoa
Eupsilia transversa	GCA_914767815.1	metazoa
Eurois occulta	GCA_950022335.1	metazoa
Euzophera pinguis	GCA_947363495.1	metazoa
Fabriciana adippe	GCA_905404255.1	metazoa
Fabriciana adippe	GCA_905404265.1	metazoa
Fissipunctia ypsillon	GCA_947568875.1	metazoa
Furcula furcula	GCA_911728485.2	metazoa
Furcula furcula	GCA_911728495.1	metazoa
Galleria mellonella	GCA_003640425.2	metazoa
Gandaritis pyraliata	GCA_947859165.1	metazoa
Gandaritis pyraliata	GCA_947859175.1	metazoa
Glaucopsyche alexis	GCA_905404095.1	metazoa
Glaucopsyche alexis	GCA_905404225.1	metazoa
Globia sparganii	GCA_949316385.1	metazoa
Grapholita molesta	GCA_022674325.1	metazoa
Griposia aprilina	GCA_916610245.1	metazoa
Griposia aprilina	GCA_916610205.1	metazoa
Gymnoscelis rufifasciata	GCA_929108375.1	metazoa
Habrosyne pyritoides	GCA_907165245.1	metazoa
Habrosyne pyritoides	GCA_907165225.1	metazoa
Hecatera dysodea	GCA_905332915.1	metazoa
Hecatera dysodea	GCA_905332915.2	metazoa
Hedya salicella	GCA_905404275.2	metazoa
Hedya salicella	GCA_905404275.1	metazoa
Hedya salicella	GCA_905404235.1	metazoa
Heliconius sara	GCA_917862395.1	metazoa
Helicoverpa armigera	GCA_023701775.1	metazoa
Helicoverpa zea	GCA_022581195.1	metazoa
Helicoverpa zea	GCA_022581195.1	metazoa
Hemaris fuciformis	GCA_907164795.1	metazoa
Hemaris fuciformis	GCA_907164865.1	metazoa
Hemistola chrysoprasaria	GCA_947063395.1	metazoa
Hemithea aestivaria	GCA_947507615.1	metazoa
Hemithea aestivaria	GCA_947461825.1	metazoa
Herminia tarsipennalis	GCA_945859575.2	metazoa
Herminia tarsipennalis	GCA_945859615.2	metazoa
Hesperia comma	GCA_905404245.1	metazoa
Hesperia comma	GCA_905404135.1	metazoa
Hestina assimilis	GCA_023373885.1	metazoa
Hipparchia semele	GCA_933228805.2	metazoa
Hipparchia semele	GCA_933228835.1	metazoa
Hipparchia semele	GCA_933228805.1	metazoa
Hofmannophila pseudospretella	GCA_947369225.1	metazoa
Hoplodrina ambigua	GCA_949774945.1	metazoa
Hoplodrina blanda	GCA_949316365.1	metazoa
Hydraecia micacea	GCA_914767645.1	metazoa
Hydraecia micacea	GCA_914767565.1	metazoa
Hydriomena furcata	GCA_912999755.1	metazoa
Hydriomena furcata	GCA_912999785.1	metazoa
Hylaea fasciaria	GCA_905147295.1	metazoa
Hylaea fasciaria	GCA_905147375.1	metazoa
Hyles euphorbiae	GCA_023078785.1	metazoa
Hyles euphorbiae	GCA_023078785.2	metazoa
Hyles vespertilio	GCA_009982885.1	metazoa
Hypena proboscidalis	GCA_905147305.1	metazoa
Hypena proboscidalis	GCA_905147285.1	metazoa
Hypercompe scribonia	GCA_949316075.1	metazoa
Hypercompe scribonia	GCA_949316085.1	metazoa
Hypomecis punctinalis	GCA_949316335.1	metazoa
Hypomecis punctinalis	GCA_949316475.1	metazoa
Hypsopygia costalis	GCA_937001555.1	metazoa
Hypsopygia costalis	GCA_937001695.1	metazoa
Hypsopygia costalis	GCA_937001695.2	metazoa
Hypsopygia costalis	GCA_937001555.2	metazoa
Idaea aversata	GCA_907269075.1	metazoa
Idaea aversata	GCA_907269045.1	metazoa
Idaea dimidiata	GCA_949358125.1	metazoa
Idaea dimidiata	GCA_949358575.1	metazoa
Idaea straminata	GCA_951213275.1	metazoa
Inachis io	GCA_905147045.1	metazoa
Inachis io	GCA_905147125.1	metazoa
Iphiclides podalirius	GCA_933534255.1	metazoa
Lacanobia wlatinum	GCA_947579085.1	metazoa
Lacanobia wlatinum	GCA_947578705.1	metazoa
Lampropteryx suffumata	GCA_948098925.1	metazoa
Lampropteryx suffumata	GCA_948098915.1	metazoa
Laothoe populi	GCA_905220505.1	metazoa
Laothoe populi	GCA_905220495.1	metazoa
Lapara coniferarum	GCA_949316025.1	metazoa
Lapara coniferarum	GCA_949316015.1	metazoa
Lasiommata megera	GCA_928268935.1	metazoa
Lasiommata megera	GCA_928267235.1	metazoa
Laspeyria flexula	GCA_905147035.1	metazoa
Laspeyria flexula	GCA_905147015.1	metazoa
Lathronympha strigana	GCA_949128075.1	metazoa
Lathronympha strigana	GCA_949128165.1	metazoa
Leguminivora glycinivorella	GCA_023078275.1	metazoa
Leguminivora glycinivorella	GCA_023078275.1	metazoa
Leptidea sinapis	GCA_905404105.1	metazoa
Leptidea sinapis	GCA_905404315.1	metazoa
Leucoma salicis	GCA_948253155.1	metazoa
Ligdia adustata	GCA_947049285.1	metazoa
Ligdia adustata	GCA_947049295.1	metazoa
Limenitis camilla	GCA_905147315.1	metazoa
Limenitis camilla	GCA_905147385.1	metazoa
Lithophane leautieri	GCA_949152455.1	metazoa
Lithophane ornitopus	GCA_948473465.1	metazoa
Lithophane ornitopus	GCA_948473405.1	metazoa
Lithophane semibrunnea	GCA_947363905.1	metazoa
Lithophane socia	GCA_947522985.1	metazoa
Lithophane socia	GCA_947522845.1	metazoa
Lobophora halterata	GCA_932526365.1	metazoa
Lobophora halterata	GCA_932525835.1	metazoa
Lomographa bimaculata	GCA_948107675.1	metazoa
Lomographa bimaculata	GCA_948107665.1	metazoa
Luffia ferchaultella	GCA_949709985.1	metazoa
Luperina testacea	GCA_927399495.1	metazoa
Luperina testacea	GCA_927399505.1	metazoa
Lycaena phlaeas	GCA_905333005.2	metazoa
Lycaena phlaeas	GCA_905333065.1	metazoa
Lycaena phlaeas	GCA_905333005.1	metazoa
Lycia hirtaria	GCA_947563705.1	metazoa
Lycia hirtaria	GCA_947563715.1	metazoa
Lycophotia porphyrea	GCA_950005095.1	metazoa
Lycophotia porphyrea	GCA_950005105.1	metazoa
Lymantria monacha	GCA_905163525.1	metazoa
Lymantria monacha	GCA_905163515.2	metazoa
Lysandra bellargus	GCA_905332955.1	metazoa
Lysandra bellargus	GCA_905333045.1	metazoa
Lysandra coridon	GCA_905220515.1	metazoa
Lysandra coridon	GCA_905220525.1	metazoa
Macaria notata	GCA_927399385.1	metazoa
Macaria notata	GCA_927399415.1	metazoa
Mamestra brassicae	GCA_905163435.1	metazoa
Manduca sexta	GCA_014839805.1	metazoa
Manduca sexta	GCA_014839805.1	metazoa
Maniola hyperantus	GCA_902806685.2	metazoa
Maniola jurtina	GCA_905333055.1	metazoa
Maniola jurtina	GCA_905333105.1	metazoa
Marasmarcha lunaedactyla	GCA_923062595.1	metazoa
Marasmarcha lunaedactyla	GCA_923062675.1	metazoa
Marasmia exigua	GCA_019059595.1	metazoa
Mecyna flavalis	GCA_949319885.1	metazoa
Meganola albula	GCA_936440415.1	metazoa
Meganola albula	GCA_936450015.1	metazoa
Melanargia galathea	GCA_920104075.1	metazoa
Melanargia galathea	GCA_920103875.1	metazoa
Melanchra persicariae	GCA_947386135.1	metazoa
Melanchra persicariae	GCA_947386145.1	metazoa
Melinaea marsaeus rileyi	GCA_918361175.2	metazoa
Melinaea marsaeus rileyi	GCA_918358865.1	metazoa
Melinaea menophilus n. ssp. AW-2005	GCA_918358695.1	metazoa
Melinaea menophilus n. ssp. AW-2005	GCA_918361105.2	metazoa
Melitaea cinxia	GCA_905220555.1	metazoa
Melitaea cinxia	GCA_905220565.1	metazoa
Mellicta athalia	GCA_905220535.1	metazoa
Mellicta athalia	GCA_905220545.2	metazoa
Mellicta athalia	GCA_905220545.1	metazoa
Mesoligia furuncula	GCA_916611985.1	metazoa
Mesoligia furuncula	GCA_916614155.1	metazoa
Micropterix aruncella	GCA_944548615.1	metazoa
Micropterix aruncella	GCA_944547385.1	metazoa
Miltochrista miniata	GCA_933228775.1	metazoa
Miltochrista miniata	GCA_933228765.1	metazoa
Mimas tiliae	GCA_905333085.1	metazoa
Mimas tiliae	GCA_905332985.1	metazoa
Monopis laevigella	GCA_947359445.1	metazoa
Monopis laevigella	GCA_947458855.1	metazoa
Musotima nitidalis	GCA_949126915.1	metazoa
Mythimna albipuncta	GCA_929112965.1	metazoa
Mythimna albipuncta	GCA_929113785.1	metazoa
Mythimna ferrago	GCA_910589535.2	metazoa
Mythimna ferrago	GCA_910589285.2	metazoa
Mythimna ferrago	GCA_910589285.1	metazoa
Mythimna ferrago	GCA_910589535.1	metazoa
Mythimna impura	GCA_905147345.3	metazoa
Mythimna impura	GCA_905147345.1	metazoa
Mythimna impura	GCA_905147345.2	metazoa
Mythimna impura	GCA_905147275.1	metazoa
Mythimna lalbum	GCA_949319445.1	metazoa
Mythimna separata	GCA_020882275.1	metazoa
Mythimna vitellina	GCA_949316375.1	metazoa
Noctua fimbriata	GCA_905163415.1	metazoa
Noctua fimbriata	GCA_905163425.1	metazoa
Noctua janthe	GCA_910589295.1	metazoa
Noctua janthe	GCA_910589505.1	metazoa
Noctua pronuba	GCA_905220335.1	metazoa
Noctua pronuba	GCA_905220345.1	metazoa
Notocelia uddmanniana	GCA_905163575.1	metazoa
Notocelia uddmanniana	GCA_905163555.1	metazoa
Notodonta dromedarius	GCA_905147325.1	metazoa
Notodonta dromedarius	GCA_905147855.1	metazoa
Notodonta ziczac	GCA_918843885.1	metazoa
Notodonta ziczac	GCA_918843915.1	metazoa
Nycteola revayana	GCA_947038005.1	metazoa
Nycteola revayana	GCA_947037095.1	metazoa
Nymphalis polychloros	GCA_905220585.2	metazoa
Nymphalis polychloros	GCA_905220585.1	metazoa
Nymphalis polychloros	GCA_905220575.1	metazoa
Nymphalis urticae	GCA_905147175.2	metazoa
Nymphalis urticae	GCA_905147055.1	metazoa
Nymphalis urticae	GCA_905147175.1	metazoa
Nymphula nitidulata	GCA_947347705.1	metazoa
Ochlodes sylvanus	GCA_905404205.1	metazoa
Ochlodes sylvanus	GCA_905404295.2	metazoa
Ochlodes sylvanus	GCA_905404295.1	metazoa
Ochropacha duplaris	GCA_951361185.1	metazoa
Ochropleura plecta	GCA_905475425.1	metazoa
Ochropleura plecta	GCA_905475445.1	metazoa
Oegoconia quadripuncta	GCA_949316235.1	metazoa
Oligia latruncula	GCA_948474745.1	metazoa
Oligia latruncula	GCA_948474685.1	metazoa
Omphaloscelis lunosa	GCA_916610225.1	metazoa
Omphaloscelis lunosa	GCA_916610215.1	metazoa
Operophtera brumata	GCA_932527245.1	metazoa
Operophtera brumata	GCA_932527175.1	metazoa
Opisthograptis luteolata	GCA_931315605.1	metazoa
Opisthograptis luteolata	GCA_931315375.1	metazoa
Opisthograptis luteolata	GCA_931315375.2	metazoa
Opisthograptis luteolata	GCA_931315605.2	metazoa
Orgyia antiqua	GCA_917414775.1	metazoa
Orgyia antiqua	GCA_916999025.1	metazoa
Orthosia gothica	GCA_949775005.1	metazoa
Orthosia gracilis	GCA_947562075.1	metazoa
Orthosia gracilis	GCA_947563345.1	metazoa
Orthosia incerta	GCA_948253185.1	metazoa
Orthosia incerta	GCA_948252205.1	metazoa
Pammene aurita	GCA_947086415.1	metazoa
Pammene fasciana	GCA_911728525.2	metazoa
Pammene fasciana	GCA_911728535.1	metazoa
Pandemis cinnamomeana	GCA_932294345.1	metazoa
Pandemis cinnamomeana	GCA_932294335.1	metazoa
Pandemis corylana	GCA_949127985.1	metazoa
Pandemis corylana	GCA_949127965.1	metazoa
Papilio machaon	GCA_912999765.2	metazoa
Papilio machaon	GCA_912999765.1	metazoa
Papilio machaon	GCA_912999745.1	metazoa
Parapoynx stratiotata	GCA_910589245.1	metazoa
Parapoynx stratiotata	GCA_910589355.1	metazoa
Pararge aegeria	GCA_905163545.1	metazoa
Pararge aegeria	GCA_905163445.1	metazoa
Pectinophora gossypiella	GCA_024362695.1	metazoa
Pectinophora gossypiella	GCA_024362825.1	metazoa
Peribatodes rhomboidaria	GCA_911728515.1	metazoa
Peribatodes rhomboidaria	GCA_911728505.1	metazoa
Petrophora chlorosata	GCA_951640565.1	metazoa
Phalera bucephala	GCA_905147805.2	metazoa
Phalera bucephala	GCA_905147815.2	metazoa
Pheosia gnoma	GCA_905404115.1	metazoa
Pheosia gnoma	GCA_905404125.1	metazoa
Pheosia tremula	GCA_905333115.1	metazoa
Pheosia tremula	GCA_905333125.1	metazoa
Philereme vetulata	GCA_918857605.2	metazoa
Philereme vetulata	GCA_918811585.1	metazoa
Philereme vetulata	GCA_918857605.1	metazoa
Phlogophora meticulosa	GCA_905147745.1	metazoa
Phlogophora meticulosa	GCA_905147725.1	metazoa
Phlogophora meticulosa	GCA_905147745.2	metazoa
Phragmatobia fuliginosa	GCA_932526445.1	metazoa
Phragmatobia fuliginosa	GCA_932526455.1	metazoa
Pieris brassicae	GCA_905147105.1	metazoa
Pieris brassicae	GCA_905147085.1	metazoa
Pieris napi	GCA_905475465.1	metazoa
Pieris napi	GCA_905231895.1	metazoa
Pieris napi	GCA_905475465.2	metazoa
Pieris napi	GCA_905231885.1	metazoa
Pieris napi	GCA_905475415.1	metazoa
Pieris rapae	GCA_905147795.1	metazoa
Pieris rapae	GCA_905147735.1	metazoa
Plebejus argus	GCA_905404165.1	metazoa
Plebejus argus	GCA_905404155.1	metazoa
Plebejus argus	GCA_905404155.2	metazoa
Plebejus argus	GCA_905404155.3	metazoa
Plusia festucae	GCA_950370415.1	metazoa
Plusia festucae	GCA_950381575.1	metazoa
Plutella xylostella	GCA_932276165.1	metazoa
Plutella xylostella	GCA_932276175.1	metazoa
Polymixis flavicincta	GCA_949987655.1	metazoa
Polymixis lichenea	GCA_949091785.1	metazoa
Polyommatus icarus	GCA_937629555.1	metazoa
Polyommatus icarus	GCA_937595015.1	metazoa
Protodeltote pygarga	GCA_936450705.1	metazoa
Protodeltote pygarga	GCA_936440985.2	metazoa
Protodeltote pygarga	GCA_936440985.1	metazoa
Protodeltote pygarga	GCA_936450705.2	metazoa
Pseudoips prasinana	GCA_951640165.1	metazoa
Ptilodon capucinus	GCA_914767775.1	metazoa
Ptilodon capucinus	GCA_914767695.1	metazoa
Pyrausta nigrata	GCA_949316215.1	metazoa
Pyrausta nigrata	GCA_949316185.1	metazoa
Pyrgus malvae	GCA_911387725.2	metazoa
Pyrgus malvae	GCA_911387725.1	metazoa
Pyrgus malvae	GCA_911387765.1	metazoa
Saturnia pavonia	GCA_947532125.1	metazoa
Schrankia costaestrigalis	GCA_905475335.1	metazoa
Schrankia costaestrigalis	GCA_905475405.1	metazoa
Scotopteryx bipunctaria	GCA_949320045.1	metazoa
Scrobipalpa costella	GCA_949820665.1	metazoa
Selenia dentaria	GCA_917880765.1	metazoa
Selenia dentaria	GCA_917880725.1	metazoa
Sesia apiformis	GCA_914767545.1	metazoa
Sesia apiformis	GCA_914767725.1	metazoa
Sesia bembeciformis	GCA_943735995.1	metazoa
Sesia bembeciformis	GCA_943735985.1	metazoa
Shargacucullia verbasci	GCA_947562105.1	metazoa
Sphinx pinastri	GCA_947568825.1	metazoa
Spilarctia lutea	GCA_916047975.1	metazoa
Spilarctia lutea	GCA_916048165.1	metazoa
Spilosoma lubricipeda	GCA_905220605.1	metazoa
Spilosoma lubricipeda	GCA_905220595.1	metazoa
Spodoptera exigua	GCA_022315195.1	metazoa
Spodoptera exigua	GCA_902829305.1	metazoa
Spodoptera frugiperda	GCA_011064685.2	metazoa
Spodoptera littoralis	GCA_902850265.1	metazoa
Spodoptera litura	GCA_002706865.3	metazoa
Stenoptilia bipunctidactyla	GCA_944452665.1	metazoa
Stenoptilia bipunctidactyla	GCA_944452705.1	metazoa
Synanthedon andrenaeformis	GCA_936446665.1	metazoa
Synanthedon andrenaeformis	GCA_936447275.1	metazoa
Synanthedon andrenaeformis	GCA_936446665.2	metazoa
Synanthedon formicaeformis	GCA_945859765.1	metazoa
Synanthedon formicaeformis	GCA_945859745.1	metazoa
Synanthedon myopaeformis	GCA_944738625.1	metazoa
Synanthedon myopaeformis	GCA_944738685.1	metazoa
Synanthedon tipuliformis	GCA_947623395.1	metazoa
Synanthedon vespiformis	GCA_918317495.1	metazoa
Synanthedon vespiformis	GCA_918305855.1	metazoa
Teleiodes luculella	GCA_948473455.1	metazoa
Tetheella fluctuosa	GCA_951216915.1	metazoa
Thalpophila matura	GCA_948466365.1	metazoa
Thalpophila matura	GCA_948465475.1	metazoa
Thera britannica	GCA_939531255.1	metazoa
Thera britannica	GCA_939531255.2	metazoa
Thera britannica	GCA_939531245.1	metazoa
Thera obeliscata	GCA_947581545.1	metazoa
Thera obeliscata	GCA_947578465.1	metazoa
Tholera decimalis	GCA_943138005.1	metazoa
Tholera decimalis	GCA_943138885.2	metazoa
Tholera decimalis	GCA_943138885.1	metazoa
Thumatha senex	GCA_948477245.1	metazoa
Thyatira batis	GCA_905147785.1	metazoa
Thyatira batis	GCA_905147775.1	metazoa
Thymelicus acteon	GCA_951805285.1	metazoa
Thymelicus acteon	GCA_951805295.1	metazoa
Thymelicus sylvestris	GCA_911387775.1	metazoa
Thymelicus sylvestris	GCA_911387695.1	metazoa
Tiliacea aurago	GCA_948098905.1	metazoa
Tinea pellionella	GCA_948150575.1	metazoa
Tinea semifulvella	GCA_910589255.1	metazoa
Tinea semifulvella	GCA_910589645.1	metazoa
Tinea trinotella	GCA_905220625.1	metazoa
Tinea trinotella	GCA_905220615.1	metazoa
Tortricodes alternella	GCA_947859335.1	metazoa
Trichoplusia ni	GCA_003590095.1	metazoa
Trisateles emortualis	GCA_947095545.1	metazoa
Trisateles emortualis	GCA_947095525.1	metazoa
Tyria jacobaeae	GCA_947561705.1	metazoa
Tyria jacobaeae	GCA_947561695.1	metazoa
Udea ferrugalis	GCA_950022945.1	metazoa
Urbanus simplicius	GCA_949699795.1	metazoa
Vanessa atalanta	GCA_905147765.2	metazoa
Vanessa atalanta	GCA_905147765.1	metazoa
Vanessa atalanta	GCA_905147705.1	metazoa
Vanessa atalanta	GCA_905147705.2	metazoa
Vanessa cardui	GCA_905220365.2	metazoa
Vanessa cardui	GCA_905220355.1	metazoa
Vanessa cardui	GCA_905220365.1	metazoa
Vanessa tameamea	GCA_002938995.1	metazoa
Venusia cambrica	GCA_951394065.1	metazoa
Watsonalla binaria	GCA_929442715.1	metazoa
Watsonalla binaria	GCA_929442735.1	metazoa
Xanthia icteritia	GCA_949128155.1	metazoa
Xanthorhoe spadicearia	GCA_947086425.1	metazoa
Xanthorhoe spadicearia	GCA_947086435.1	metazoa
Xestia sexstrigata	GCA_941918905.1	metazoa
Xestia sexstrigata	GCA_941918865.2	metazoa
Xestia sexstrigata	GCA_941918905.2	metazoa
Xestia sexstrigata	GCA_941918865.1	metazoa
Xestia xanthographa	GCA_913789905.1	metazoa
Xestia xanthographa	GCA_905147715.1	metazoa
Xestia xanthographa	GCA_905147755.1	metazoa
Xestia xanthographa	GCA_905147715.2	metazoa
Xestia xanthographa	GCA_905147755.2	metazoa
Xestia xanthographa	GCA_913789945.1	metazoa
Xylocampa areola	GCA_935412865.1	metazoa
Xylocampa areola	GCA_935421205.1	metazoa
Yponomeuta cagnagella	GCA_947310355.1	metazoa
Yponomeuta cagnagella	GCA_947310995.1	metazoa
Yponomeuta padella	GCA_947311065.1	metazoa
Yponomeuta plumbellus	GCA_947310845.1	metazoa
Yponomeuta plumbellus	GCA_947310575.1	metazoa
Yponomeuta sedellus	GCA_934045075.1	metazoa
Ypsolopha scabrella	GCA_910591985.1	metazoa
Ypsolopha scabrella	GCA_910592155.1	metazoa
Ypsolopha sequella	GCA_934041175.1	metazoa
Ypsolopha sequella	GCA_934047225.1	metazoa
Zelleria hepariella	GCA_949319315.1	metazoa
Zerene cesonia	GCA_012273895.2	metazoa
Zerene cesonia	GCA_012273895.2	metazoa
Zeuzera pyrina	GCA_907165235.1	metazoa
Zeuzera pyrina	GCA_907165255.1	metazoa
Zygaena filipendulae	GCA_907165265.2	metazoa
Zygaena filipendulae	GCA_907165275.1	metazoa
Zygaena filipendulae	GCA_907165275.2	metazoa
Zygaena filipendulae	GCA_907165265.1	metazoa
Ailuropoda melanoleuca	GCA_002007445.2	metazoa
Artibeus jamaicensis	GCA_004027435.1	metazoa
Artibeus jamaicensis	GCA_014825515.1	metazoa
Balaenoptera musculus	GCA_009873245.3	metazoa
Balaenoptera musculus	GCA_009873245.2	metazoa
Bos gaurus	GCA_014182915.1	metazoa
Bos mutus	GCA_007646595.3	metazoa
Bos taurus	GCA_002263795.3	metazoa
Bubalus bubalis	GCA_003121395.1	metazoa
Bubalus carabanensis	GCA_029407905.2	metazoa
Callorhinus ursinus	GCA_003265705.1	metazoa
Camelus ferus	GCA_009834535.1	metazoa
Canis lupus	GCA_905319855.2	metazoa
Canis lupus familiaris	GCA_000002285.4	metazoa
Canis lupus familiaris	GCA_005444595.1	metazoa
Canis lupus familiaris	GCA_014441545.1	metazoa
Canis lupus familiaris	GCA_004886185.2	metazoa
Canis lupus familiaris	GCA_004886185.1	metazoa
Canis lupus familiaris	GCA_008641055.1	metazoa
Canis lupus familiaris	GCA_011100685.1	metazoa
Canis lupus familiaris	GCA_008641055.3	metazoa
Capra hircus	GCA_001704415.1	metazoa
Capra hircus	GCA_004361675.1	metazoa
Capreolus pygargus	GCA_012922965.1	metazoa
Ceratotherium simum cottoni	GCA_021442165.1	metazoa
Ceratotherium simum simum	GCA_023653735.1	metazoa
Cervus elaphus	GCA_910594005.1	metazoa
Cervus hanglu yarkandensis	GCA_010411085.1	metazoa
Choloepus didactylus	GCA_015220235.1	metazoa
Crocuta crocuta	GCA_008692635.1	metazoa
Delphinapterus leucas	GCA_009917745.1	metazoa
Delphinapterus leucas	GCA_009917725.1	metazoa
Desmodus rotundus	GCA_002940915.1	metazoa
Elephas maximus indicus	GCA_024166365.1	metazoa
Enhydra lutris kenyoni	GCA_002288905.2	metazoa
Equus asinus	GCA_016077325.2	metazoa
Equus caballus	GCA_002863925.1	metazoa
Eumetopias jubatus	GCA_004028035.1	metazoa
Felis catus	GCA_013340865.1	metazoa
Felis catus	GCA_018350175.1	metazoa
Felis catus x Leopardis geoffroyi	GCA_018350155.1	metazoa
Felis catus x Prionailurus bengalensis	GCA_016509475.1	metazoa
Globicephala melas	GCA_006547405.1	metazoa
Hippopotamus amphibius	GCA_004027065.2	metazoa
Hipposideros armiger	GCA_001890085.1	metazoa
Hipposideros galeritus	GCA_004027415.1	metazoa
Lagenorhynchus obliquidens	GCA_003676395.1	metazoa
Lutra lutra	GCA_902655055.2	metazoa
Lynx canadensis	GCA_007474595.1	metazoa
Manis javanica	GCA_001685135.1	metazoa
Martes flavigula	GCA_029410595.1	metazoa
Martes zibellina	GCA_012583365.1	metazoa
Megaderma lyra	GCA_004026885.1	metazoa
Meles meles	GCA_922984935.2	metazoa
Mirounga leonina	GCA_011800145.1	metazoa
Monodon monoceros	GCA_005190385.2	metazoa
Mustela erminea	GCA_009829155.1	metazoa
Mustela putorius	GCA_902460205.1	metazoa
Neomonachus schauinslandi	GCA_002201575.1	metazoa
Odocoileus hemionus hemionus	GCA_004115125.1	metazoa
Odocoileus virginianus texanus	GCA_002102435.1	metazoa
Orcinus orca	GCA_937001465.1	metazoa
Ornithorhynchus anatinus	GCA_004115215.2	metazoa
Ovis aries	GCA_022416725.1	metazoa
Ovis aries	GCA_016772045.1	metazoa
Ovis aries	GCA_002742125.1	metazoa
Ovis aries	GCA_000298735.2	metazoa
Panthera leo x Panthera tigris	GCA_018350195.1	metazoa
Panthera leo x Panthera tigris	GCA_018350215.1	metazoa
Phacochoerus africanus	GCA_016906955.1	metazoa
Phoca vitulina	GCA_004348235.1	metazoa
Phocoena sinus	GCA_008692025.1	metazoa
Phyllostomus discolor	GCA_004126475.2	metazoa
Phyllostomus discolor	GCA_004126475.3	metazoa
Pipistrellus pipistrellus	GCA_903992545.1	metazoa
Pteropus giganteus	GCA_902729225.1	metazoa
Rousettus aegyptiacus	GCA_001466805.2	metazoa
Sarcophilus harrisii	GCA_902635505.1	metazoa
Sousa chinensis	GCA_007760645.1	metazoa
Suncus etruscus	GCA_024139225.1	metazoa
Sus scrofa	GCA_000003025.6	metazoa
Syncerus caffer	GCA_902825105.1	metazoa
Tragelaphus strepsiceros	GCA_006410795.1	metazoa
Trichechus manatus latirostris	GCA_000243295.1	metazoa
Tursiops aduncus	GCA_003227395.1	metazoa
Tursiops truncatus	GCA_011762595.1	metazoa
Ursus arctos horribilis	GCA_003584765.1	metazoa
Vicugna pacos huacaya	GCA_000767525.1	metazoa
Vicugna vicugna mensalis	GCA_013265495.1	metazoa
Vulpes lagopus	GCA_004023825.1	metazoa
Zalophus californianus	GCA_009762305.2	metazoa
Zalophus californianus	GCA_009762305.1	metazoa
Acanthaster planci	GCA_001949145.1	metazoa
Acropora millepora	GCA_013753865.1	metazoa
Actinia equina	GCA_011057435.1	metazoa
Actinia tenebrosa	GCA_009602425.1	metazoa
Amphimedon queenslandica	GCA_000090795.2	metazoa
Anneissia japonica	GCA_011630105.1	metazoa
Aplysia californica	GCA_000002075.2	metazoa
Asterias rubens	GCA_902459465.3	metazoa
Asterias rubens	GCA_902459465.3	metazoa
Biomphalaria glabrata	GCA_947242115.1	metazoa
Clonorchis sinensis	GCA_003604175.2	metazoa
Clytia hemisphaerica	GCA_902728285.1	metazoa
Crassostrea angulata	GCA_025612915.2	metazoa
Crassostrea gigas	GCA_902806645.1	metazoa
Crassostrea virginica	GCA_002022765.4	metazoa
Dendronephthya gigantea	GCA_004324835.1	metazoa
Dimorphilus gyrociliatus	GCA_904063045.1	metazoa
Dreissena polymorpha	GCA_020536995.1	metazoa
Echinococcus granulosus	GCA_000524195.1	metazoa
Echinococcus multilocularis	GCA_000469725.3	metazoa
Exaiptasia diaphana	GCA_001417965.1	metazoa
Fragum fragum	GCA_946902895.1	metazoa
Gari tellinella	GCA_922989275.2	metazoa
Gibbula magus	GCA_936439675.1	metazoa
Gibbula magus	GCA_936450465.1	metazoa
Gigantopelta aegis	GCA_016097555.1	metazoa
Haemonchus contortus	GCA_000469685.2	metazoa
Haliotis rubra	GCA_003918875.1	metazoa
Haliotis rufescens	GCA_023055435.1	metazoa
Hydra vulgaris	GCA_022113875.1	metazoa
Hydra vulgaris	GCA_000004095.1	metazoa
Hydractinia symbiolongicarpus	GCA_029227915.2	metazoa
Hypsibius exemplaris	GCA_002082055.1	metazoa
Limnoperna fortunei	GCA_944474755.1	metazoa
Limnoperna fortunei	GCA_944589985.1	metazoa
Lineus longissimus	GCA_910592395.2	metazoa
Lineus longissimus	GCA_910592375.2	metazoa
Lingula anatina	GCA_001039355.2	metazoa
Lumbricus rubellus	GCA_945859605.1	metazoa
Lytechinus pictus	GCA_015342785.2	metazoa
Lytechinus variegatus	GCA_018143015.1	metazoa
Mercenaria mercenaria	GCA_014805675.2	metazoa
Mimachlamys varia	GCA_947623455.1	metazoa
Mimachlamys varia	GCA_947622925.1	metazoa
Mizuhopecten yessoensis	GCA_002113885.2	metazoa
Mya arenaria	GCA_026914265.1	metazoa
Octopus bimaculoides	GCA_001194135.1	metazoa
Octopus bimaculoides	GCA_001194135.2	metazoa
Octopus sinensis	GCA_006345805.1	metazoa
Orbicella faveolata	GCA_002042975.1	metazoa
Ostrea edulis	GCA_023158985.1	metazoa
Owenia fusiformis	GCA_903813345.1	metazoa
Paramacrobiotus metropolitanus	GCA_019649055.1	metazoa
Patella depressa	GCA_948474765.1	metazoa
Patella pellucida	GCA_917208275.1	metazoa
Patella vulgata	GCA_932274485.1	metazoa
Patella vulgata	GCA_932274405.1	metazoa
Patiria miniata	GCA_015706575.1	metazoa
Pecten maximus	GCA_902652985.1	metazoa
Pocillopora damicornis	GCA_003704095.1	metazoa
Pomacea canaliculata	GCA_003073045.1	metazoa
Pomphorhynchus laevis	GCA_012934845.2	metazoa
Priapulus caudatus	GCA_000485595.2	metazoa
Saccoglossus kowalevskii	GCA_000003605.1	metazoa
Schistosoma haematobium	GCA_000699445.2	metazoa
Schmidtea mediterranea	GCA_002600895.1	metazoa
Spisula solida	GCA_947247005.1	metazoa
Stylophora pistillata	GCA_002571385.1	metazoa
Tridacna crocea	GCA_943736015.1	metazoa
Tridacna gigas	GCA_945859785.2	metazoa
Cajanus cajan	GCA_000340665.1	eukarya
Digitaria exilis	GCA_902859565.1	eukarya
Linaria vulgaris	GCA_948329865.1	eukarya
Oryza sativa Indica Group	GCA_009914875.1	eukarya
Oryza sativa Indica Group	GCA_009831025.1	eukarya
Oryza sativa Indica Group	GCA_009829375.1	eukarya
Oryza sativa Indica Group	GCA_001618795.1	eukarya
Oryza sativa Indica Group	GCA_009831295.1	eukarya
Oryza sativa Indica Group	GCA_009831355.1	eukarya
Oryza sativa Indica Group	GCA_009829395.1	eukarya
Oryza sativa Indica Group	GCA_001618785.1	eukarya
Oryza sativa Indica Group	GCA_009831045.1	eukarya
Oryza sativa aromatic subgroup	GCA_009831255.1	eukarya
Oryza sativa aus subgroup	GCA_009831335.1	eukarya
Oryza sativa aus subgroup	GCA_001952365.2	eukarya
Oryza sativa tropical japonica subgroup	GCA_009830595.1	eukarya
Oryza sativa tropical japonica subgroup	GCA_009831275.1	eukarya
Oryza sativa tropical japonica subgroup	GCA_009831315.1	eukarya
Vigna unguiculata	GCA_004118075.1	eukarya
Vitis vinifera	GCA_910591555.1	eukarya
Plasmodium ovale	GCA_900090035.2	eukarya
Plasmodium ovale	GCA_900090025.2	eukarya
Plasmodium vivax	GCA_014843685.1	eukarya
Plasmodium vivax	GCA_900093535.1	eukarya
Plasmodium vivax	GCA_014843945.1	eukarya
Plasmodium vivax	GCA_014843675.1	eukarya
Plasmodium vivax	GCA_900093555.2	eukarya
Plasmodium vivax	GCA_014843935.1	eukarya
Plasmodium vivax	GCA_900178095.1	eukarya
Alouatta palliata	GCA_004027835.1	metazoa
Ateles geoffroyi	GCA_004024785.1	metazoa
Callithrix jacchus	GCA_011100555.1	metazoa
Cheirogaleus medius	GCA_004024725.1	metazoa
Daubentonia madagascariensis	GCA_004027145.1	metazoa
Homo sapiens	GCA_018472595.1	metazoa
Homo sapiens	GCA_018469405.1	metazoa
Homo sapiens	GCA_018469965.1	metazoa
Homo sapiens	GCA_018506965.1	metazoa
Homo sapiens	GCA_018469415.1	metazoa
Homo sapiens	GCA_018503265.1	metazoa
Homo sapiens	GCA_018471555.1	metazoa
Homo sapiens	GCA_018503275.1	metazoa
Homo sapiens	GCA_018504655.1	metazoa
Homo sapiens	GCA_018469665.1	metazoa
Homo sapiens	GCA_018471105.1	metazoa
Homo sapiens	GCA_018852585.1	metazoa
Homo sapiens	GCA_018472585.1	metazoa
Homo sapiens	GCA_018506955.1	metazoa
Homo sapiens	GCA_018472825.1	metazoa
Homo sapiens	GCA_018471075.1	metazoa
Homo sapiens	GCA_018504055.1	metazoa
Homo sapiens	GCA_018466985.1	metazoa
Homo sapiens	GCA_018473315.1	metazoa
Homo sapiens	GCA_018472565.1	metazoa
Homo sapiens	GCA_018503585.1	metazoa
Homo sapiens	GCA_018505835.1	metazoa
Homo sapiens	GCA_018469935.1	metazoa
Homo sapiens	GCA_018504625.1	metazoa
Homo sapiens	GCA_018471095.1	metazoa
Homo sapiens	GCA_018852595.1	metazoa
Homo sapiens	GCA_021951015.1	metazoa
Homo sapiens	GCA_018505865.1	metazoa
Homo sapiens	GCA_018472685.1	metazoa
Homo sapiens	GCA_018470445.1	metazoa
Homo sapiens	GCA_018505845.1	metazoa
Homo sapiens	GCA_018466855.1	metazoa
Homo sapiens	GCA_018504065.1	metazoa
Homo sapiens	GCA_018473305.1	metazoa
Homo sapiens	GCA_018467165.1	metazoa
Homo sapiens	GCA_018504665.1	metazoa
Homo sapiens	GCA_018472695.1	metazoa
Homo sapiens	GCA_018472845.1	metazoa
Homo sapiens	GCA_018471515.1	metazoa
Homo sapiens	GCA_018472705.1	metazoa
Homo sapiens	GCA_018472575.1	metazoa
Homo sapiens	GCA_018503525.1	metazoa
Homo sapiens	GCA_021950905.1	metazoa
Homo sapiens	GCA_018469705.1	metazoa
Homo sapiens	GCA_018504365.1	metazoa
Homo sapiens	GCA_018470455.1	metazoa
Homo sapiens	GCA_018471345.1	metazoa
Homo sapiens	GCA_018503245.1	metazoa
Homo sapiens	GCA_018472715.1	metazoa
Homo sapiens	GCA_018506945.1	metazoa
Homo sapiens	GCA_018852605.1	metazoa
Homo sapiens	GCA_018503255.1	metazoa
Homo sapiens	GCA_018469695.1	metazoa
Homo sapiens	GCA_018504375.1	metazoa
Homo sapiens	GCA_018471535.1	metazoa
Homo sapiens	GCA_018472865.1	metazoa
Homo sapiens	GCA_018473295.1	metazoa
Homo sapiens	GCA_018470425.1	metazoa
Homo sapiens	GCA_018504085.1	metazoa
Homo sapiens	GCA_018469675.1	metazoa
Homo sapiens	GCA_018470465.1	metazoa
Homo sapiens	GCA_018472725.1	metazoa
Homo sapiens	GCA_018469865.1	metazoa
Homo sapiens	GCA_018471065.1	metazoa
Homo sapiens	GCA_018506975.1	metazoa
Homo sapiens	GCA_018467015.1	metazoa
Homo sapiens	GCA_018471525.1	metazoa
Homo sapiens	GCA_018503575.1	metazoa
Homo sapiens	GCA_018505825.1	metazoa
Homo sapiens	GCA_018469875.1	metazoa
Homo sapiens	GCA_018469425.1	metazoa
Homo sapiens	GCA_018472765.1	metazoa
Homo sapiens	GCA_018504645.1	metazoa
Homo sapiens	GCA_018503285.1	metazoa
Homo sapiens	GCA_018506125.1	metazoa
Homo sapiens	GCA_018472855.1	metazoa
Homo sapiens	GCA_009914755.4	metazoa
Homo sapiens	GCA_018472605.1	metazoa
Homo sapiens	GCA_018467005.1	metazoa
Homo sapiens	GCA_018467155.1	metazoa
Homo sapiens	GCA_018504045.1	metazoa
Homo sapiens	GCA_018469945.1	metazoa
Homo sapiens	GCA_018466835.1	metazoa
Homo sapiens	GCA_018852615.1	metazoa
Homo sapiens	GCA_018472835.1	metazoa
Homo sapiens	GCA_018506165.1	metazoa
Homo sapiens	GCA_018469955.1	metazoa
Homo sapiens	GCA_018506155.1	metazoa
Homo sapiens	GCA_018466845.1	metazoa
Homo sapiens	GCA_018504075.1	metazoa
Homo sapiens	GCA_018504635.1	metazoa
Homo sapiens	GCA_018471545.1	metazoa
Homo sapiens	GCA_018505855.1	metazoa
Homo sapiens	GCA_018469925.1	metazoa
Homo sapiens	GCA_018470435.1	metazoa
Homo sapiens	GCA_018469685.1	metazoa
Homo sapiens	GCA_018471085.1	metazoa
Hylobates moloch	GCA_009828535.3	metazoa
Hylobates moloch	GCA_009828535.2	metazoa
Hylobates pileatus	GCA_021498465.1	metazoa
Lemur catta	GCA_004024665.1	metazoa
Macaca fascicularis	GCA_903645275.1	metazoa
Macaca fascicularis	GCA_903645265.1	metazoa
Macaca fascicularis	GCA_011100615.1	metazoa
Macaca thibetana thibetana	GCA_024542745.1	metazoa
Nomascus leucogenys	GCA_006542625.1	metazoa
Nycticebus coucang	GCA_027406575.1	metazoa
Papio anubis	GCA_008728515.1	metazoa
Pongo abelii	GCA_002880775.3	metazoa
Saimiri boliviensis boliviensis	GCA_016699345.1	metazoa
Sapajus apella	GCA_009761245.1	metazoa
Trachypithecus francoisi	GCA_009764325.1	metazoa
Trachypithecus francoisi	GCA_009764315.1	metazoa
Anolis carolinensis	GCA_000090745.2	metazoa
Caretta caretta	GCA_023653815.1	metazoa
Chelonia mydas	GCA_015237465.2	metazoa
Chrysemys picta	GCA_011386835.1	metazoa
Gekko gecko	GCA_029375565.1	metazoa
Gopherus evgoodei	GCA_007399415.1	metazoa
Lacerta agilis	GCA_009819535.1	metazoa
Naja naja	GCA_009733165.1	metazoa
Pantherophis guttatus	GCA_001185365.2	metazoa
Thamnophis elegans	GCA_009769535.1	metazoa
Zootoca vivipara	GCA_011800845.1	metazoa
Acomys cahirinus	GCA_004027535.1	metazoa
Acomys dimidiatus	GCA_907164435.1	metazoa
Arvicanthis niloticus	GCA_011762505.1	metazoa
Arvicola amphibius	GCA_903992535.1	metazoa
Arvicola amphibius	GCA_903992535.2	metazoa
Cavia tschudii	GCA_004027695.1	metazoa
Cricetulus griseus	GCA_003668045.2	metazoa
Heterocephalus glaber	GCA_944319725.1	metazoa
Heterocephalus glaber	GCA_944319715.1	metazoa
Hydrochoerus hydrochaeris	GCA_004027455.1	metazoa
Hydrochoerus hydrochaeris	GCA_015741225.1	metazoa
Ictidomys tridecemlineatus	GCA_016881025.1	metazoa
Jaculus jaculus	GCA_020740685.1	metazoa
Marmota flaviventris	GCA_003676075.2	metazoa
Marmota himalayana	GCA_005280165.1	metazoa
Marmota monax	GCA_901343595.1	metazoa
Meriones unguiculatus	GCA_004026785.1	metazoa
Mesocricetus auratus	GCA_017639785.1	metazoa
Mus minutoides	GCA_902729485.1	metazoa
Mus minutoides	GCA_902729485.2	metazoa
Mus minutoides	GCA_902729475.1	metazoa
Mus minutoides	GCA_902729475.2	metazoa
Mus musculus	GCA_922000895.2	metazoa
Mus musculus	GCA_947599735.1	metazoa
Mus musculus	GCA_921997125.2	metazoa
Mus musculus	GCA_921998635.2	metazoa
Mus musculus	GCA_921998355.2	metazoa
Mus musculus	GCA_921998315.2	metazoa
Mus musculus	GCA_921997145.2	metazoa
Mus musculus	GCA_921998905.2	metazoa
Mus musculus	GCA_921998555.2	metazoa
Mus musculus	GCA_947593165.1	metazoa
Mus musculus	GCA_921999865.2	metazoa
Mus musculus	GCA_921998325.2	metazoa
Mus musculus castaneus	GCA_921999005.2	metazoa
Mus musculus domesticus	GCA_921998345.2	metazoa
Mus musculus molossinus	GCA_921999095.2	metazoa
Mus musculus musculus	GCA_921998335.2	metazoa
Mus spretus	GCA_921997135.2	metazoa
Myodes glareolus	GCA_004368595.1	metazoa
Onychomys arenicola	GCA_949786425.1	metazoa
Onychomys leucogaster	GCA_949786385.1	metazoa
Onychomys torridus	GCA_903995425.1	metazoa
Peromyscus eremicus	GCA_949786415.1	metazoa
Peromyscus eremicus	GCA_902702925.1	metazoa
Peromyscus eremicus	GCA_949786435.1	metazoa
Peromyscus leucopus	GCA_004664715.1	metazoa
Psammomys obesus	GCA_002215935.2	metazoa
Rattus norvegicus	GCA_015227675.2	metazoa
Rattus norvegicus	GCA_023515785.1	metazoa
Rattus norvegicus	GCA_021556685.1	metazoa
Rattus norvegicus	GCA_023515805.1	metazoa
Rhizomys pruinosus	GCA_009823505.1	metazoa
Sciurus carolinensis	GCA_902686445.2	metazoa
Sciurus vulgaris	GCA_902686455.2	metazoa
Sciurus vulgaris	GCA_902686455.1	metazoa
Sigmodon hispidus	GCA_004025045.1	metazoa